output_index,output_feature,source_feature,transformer
0,numeric__overall,overall,numeric
1,numeric__potential,potential,numeric
2,numeric__age,age,numeric
3,numeric__height_cm,height_cm,numeric
4,numeric__weight_kg,weight_kg,numeric
5,numeric__league_level,league_level,numeric
6,numeric__club_contract_valid_until_year,club_contract_valid_until_year,numeric
7,numeric__weak_foot,weak_foot,numeric
8,numeric__skill_moves,skill_moves,numeric
9,numeric__international_reputation,international_reputation,numeric
10,numeric__attacking_crossing,attacking_crossing,numeric
11,numeric__attacking_finishing,attacking_finishing,numeric
12,numeric__attacking_heading_accuracy,attacking_heading_accuracy,numeric
13,numeric__attacking_short_passing,attacking_short_passing,numeric
14,numeric__attacking_volleys,attacking_volleys,numeric
15,numeric__skill_dribbling,skill_dribbling,numeric
16,numeric__skill_curve,skill_curve,numeric
17,numeric__skill_fk_accuracy,skill_fk_accuracy,numeric
18,numeric__skill_long_passing,skill_long_passing,numeric
19,numeric__skill_ball_control,skill_ball_control,numeric
20,numeric__movement_acceleration,movement_acceleration,numeric
21,numeric__movement_sprint_speed,movement_sprint_speed,numeric
22,numeric__movement_agility,movement_agility,numeric
23,numeric__movement_reactions,movement_reactions,numeric
24,numeric__movement_balance,movement_balance,numeric
25,numeric__power_shot_power,power_shot_power,numeric
26,numeric__power_jumping,power_jumping,numeric
27,numeric__power_stamina,power_stamina,numeric
28,numeric__power_strength,power_strength,numeric
29,numeric__power_long_shots,power_long_shots,numeric
30,numeric__mentality_aggression,mentality_aggression,numeric
31,numeric__mentality_interceptions,mentality_interceptions,numeric
32,numeric__mentality_positioning,mentality_positioning,numeric
33,numeric__mentality_vision,mentality_vision,numeric
34,numeric__mentality_penalties,mentality_penalties,numeric
35,numeric__mentality_composure,mentality_composure,numeric
36,numeric__defending_marking_awareness,defending_marking_awareness,numeric
37,numeric__defending_standing_tackle,defending_standing_tackle,numeric
38,numeric__defending_sliding_tackle,defending_sliding_tackle,numeric
39,numeric__goalkeeping_diving,goalkeeping_diving,numeric
40,numeric__goalkeeping_handling,goalkeeping_handling,numeric
41,numeric__goalkeeping_kicking,goalkeeping_kicking,numeric
42,numeric__goalkeeping_positioning,goalkeeping_positioning,numeric
43,numeric__goalkeeping_reflexes,goalkeeping_reflexes,numeric
44,numeric__missingindicator_league_level,league_level,numeric
45,numeric__missingindicator_club_contract_valid_until_year,club_contract_valid_until_year,numeric
46,engineered__overall_squared,overall,engineered
47,engineered__overall_x_reputation,overall + international_reputation,engineered
48,structural_numeric__pace,pace,structural_numeric
49,structural_numeric__shooting,shooting,structural_numeric
50,structural_numeric__passing,passing,structural_numeric
51,structural_numeric__dribbling,dribbling,structural_numeric
52,structural_numeric__defending,defending,structural_numeric
53,structural_numeric__physic,physic,structural_numeric
54,structural_numeric__goalkeeping_speed,goalkeeping_speed,structural_numeric
55,categorical__league_name_1. Division,league_name,categorical
56,categorical__league_name_2. Bundesliga,league_name,categorical
57,categorical__league_name_3. Liga,league_name,categorical
58,categorical__league_name_A-League Men,league_name,categorical
59,categorical__league_name_Allsvenskan,league_name,categorical
60,categorical__league_name_Bundesliga,league_name,categorical
61,categorical__league_name_Categoría Primera A,league_name,categorical
62,categorical__league_name_Championship,league_name,categorical
63,categorical__league_name_División Profesional,league_name,categorical
64,categorical__league_name_División de Fútbol Profesional,league_name,categorical
65,categorical__league_name_Ekstraklasa,league_name,categorical
66,categorical__league_name_Eliteserien,league_name,categorical
67,categorical__league_name_Eredivisie,league_name,categorical
68,categorical__league_name_Hrvatska nogometna liga,league_name,categorical
69,categorical__league_name_K League 1,league_name,categorical
70,categorical__league_name_La Liga,league_name,categorical
71,categorical__league_name_La Liga 2,league_name,categorical
72,categorical__league_name_League One,league_name,categorical
73,categorical__league_name_League Two,league_name,categorical
74,categorical__league_name_Liga 1,league_name,categorical
75,categorical__league_name_Liga I,league_name,categorical
76,categorical__league_name_Liga Profesional de Fútbol,league_name,categorical
77,categorical__league_name_Ligue 1,league_name,categorical
78,categorical__league_name_Ligue 2,league_name,categorical
79,categorical__league_name_Major League Soccer,league_name,categorical
80,categorical__league_name_Nemzeti Bajnokság I,league_name,categorical
81,categorical__league_name_Premier Division,league_name,categorical
82,categorical__league_name_Premier League,league_name,categorical
83,categorical__league_name_Premiership,league_name,categorical
84,categorical__league_name_Premyer Liqa,league_name,categorical
85,categorical__league_name_Primeira Liga,league_name,categorical
86,categorical__league_name_Primera Division,league_name,categorical
87,categorical__league_name_Primera División,league_name,categorical
88,categorical__league_name_Pro League,league_name,categorical
89,categorical__league_name_První liga,league_name,categorical
90,categorical__league_name_Serie A,league_name,categorical
91,categorical__league_name_Serie B,league_name,categorical
92,categorical__league_name_Super League,league_name,categorical
93,categorical__league_name_Superliga,league_name,categorical
94,categorical__league_name_Série A,league_name,categorical
95,categorical__league_name_Süper Lig,league_name,categorical
96,categorical__league_name_Veikkausliiga,league_name,categorical
97,categorical__league_name___MISSING__,league_name,categorical
98,categorical__club_name_1. FC Heidenheim 1846,club_name,categorical
99,categorical__club_name_1. FC Kaiserslautern,club_name,categorical
100,categorical__club_name_1. FC Köln,club_name,categorical
101,categorical__club_name_1. FC Magdeburg,club_name,categorical
102,categorical__club_name_1. FC Nürnberg,club_name,categorical
103,categorical__club_name_1. FC Saarbrücken,club_name,categorical
104,categorical__club_name_1. FC Schweinfurt 05,club_name,categorical
105,categorical__club_name_1. FC Union Berlin,club_name,categorical
106,categorical__club_name_1. FSV Mainz 05,club_name,categorical
107,categorical__club_name_AC Milan,club_name,categorical
108,categorical__club_name_AD Ceuta FC,club_name,categorical
109,categorical__club_name_AEK Athens,club_name,categorical
110,categorical__club_name_AFC Bournemouth,club_name,categorical
111,categorical__club_name_AFC Wimbledon,club_name,categorical
112,categorical__club_name_AIK,club_name,categorical
113,categorical__club_name_AJ Auxerre,club_name,categorical
114,categorical__club_name_APOEL FC,club_name,categorical
115,categorical__club_name_AS Monaco,club_name,categorical
116,categorical__club_name_AS Nancy Lorraine,club_name,categorical
117,categorical__club_name_AS Saint-Étienne,club_name,categorical
118,categorical__club_name_AVS Futebol SAD,club_name,categorical
119,categorical__club_name_AZ Alkmaar,club_name,categorical
120,categorical__club_name_Aarhus Gymnastikforening,club_name,categorical
121,categorical__club_name_Aberdeen,club_name,categorical
122,categorical__club_name_Academia Puerto Cabello,club_name,categorical
123,categorical__club_name_Accrington Stanley,club_name,categorical
124,categorical__club_name_Adelaide United,club_name,categorical
125,categorical__club_name_Ajax,club_name,categorical
126,categorical__club_name_Al Ahli SFC,club_name,categorical
127,categorical__club_name_Al Ain,club_name,categorical
128,categorical__club_name_Al Akhdoud Saudi Club,club_name,categorical
129,categorical__club_name_Al Ettifaq,club_name,categorical
130,categorical__club_name_Al Fateh,club_name,categorical
131,categorical__club_name_Al Fayha,club_name,categorical
132,categorical__club_name_Al Hazem FC,club_name,categorical
133,categorical__club_name_Al Hilal,club_name,categorical
134,categorical__club_name_Al Ittihad,club_name,categorical
135,categorical__club_name_Al Khaleej,club_name,categorical
136,categorical__club_name_Al Kholood,club_name,categorical
137,categorical__club_name_Al Nassr,club_name,categorical
138,categorical__club_name_Al Qadsiah FC,club_name,categorical
139,categorical__club_name_Al Riyadh,club_name,categorical
140,categorical__club_name_Al Shabab,club_name,categorical
141,categorical__club_name_Al Taawoun FC,club_name,categorical
142,categorical__club_name_Al-Najma SC,club_name,categorical
143,categorical__club_name_Alanyaspor,club_name,categorical
144,categorical__club_name_Albacete Balompié,club_name,categorical
145,categorical__club_name_Alemannia Aachen,club_name,categorical
146,categorical__club_name_Alianza Lima,club_name,categorical
147,categorical__club_name_Alverca,club_name,categorical
148,categorical__club_name_Amiens SC,club_name,categorical
149,categorical__club_name_América de Cali,club_name,categorical
150,categorical__club_name_Angers SCO,club_name,categorical
151,categorical__club_name_Antalyaspor,club_name,categorical
152,categorical__club_name_Argentinos Juniors,club_name,categorical
153,categorical__club_name_Arka Gdynia,club_name,categorical
154,categorical__club_name_Arsenal,club_name,categorical
155,categorical__club_name_Asociația Clubul Sportiv Petrolul 52,club_name,categorical
156,categorical__club_name_Aston Villa,club_name,categorical
157,categorical__club_name_Atalanta,club_name,categorical
158,categorical__club_name_Athletic Club,club_name,categorical
159,categorical__club_name_Atlanta United,club_name,categorical
160,categorical__club_name_Atlético Bucaramanga,club_name,categorical
161,categorical__club_name_Atlético Grau,club_name,categorical
162,categorical__club_name_Atlético Madrid,club_name,categorical
163,categorical__club_name_Atlético Mineiro,club_name,categorical
164,categorical__club_name_Atlético Nacional,club_name,categorical
165,categorical__club_name_Atlético Tucumán,club_name,categorical
166,categorical__club_name_Auckland FC,club_name,categorical
167,categorical__club_name_Austin FC,club_name,categorical
168,categorical__club_name_Avellino,club_name,categorical
169,categorical__club_name_BK Häcken,club_name,categorical
170,categorical__club_name_BSC Young Boys,club_name,categorical
171,categorical__club_name_Bahia,club_name,categorical
172,categorical__club_name_Barcelona de Guayaquil,club_name,categorical
173,categorical__club_name_Barnet,club_name,categorical
174,categorical__club_name_Barnsley,club_name,categorical
175,categorical__club_name_Barracas Central,club_name,categorical
176,categorical__club_name_Barrow,club_name,categorical
177,categorical__club_name_Bayer 04 Leverkusen,club_name,categorical
178,categorical__club_name_Beijing Guoan,club_name,categorical
179,categorical__club_name_Belgrano de Córdoba,club_name,categorical
180,categorical__club_name_Bengaluru FC,club_name,categorical
181,categorical__club_name_Beşiktaş JK,club_name,categorical
182,categorical__club_name_Birmingham City,club_name,categorical
183,categorical__club_name_Blackburn Rovers,club_name,categorical
184,categorical__club_name_Blackpool FC,club_name,categorical
185,categorical__club_name_Blau-Weiß Linz,club_name,categorical
186,categorical__club_name_Boca Juniors,club_name,categorical
187,categorical__club_name_Bohemian FC,club_name,categorical
188,categorical__club_name_Bologna,club_name,categorical
189,categorical__club_name_Bolton Wanderers,club_name,categorical
190,categorical__club_name_Bolívar,club_name,categorical
191,categorical__club_name_Borussia Dortmund,club_name,categorical
192,categorical__club_name_Borussia Mönchengladbach,club_name,categorical
193,categorical__club_name_Boston River,club_name,categorical
194,categorical__club_name_Botafogo,club_name,categorical
195,categorical__club_name_Bradford City,club_name,categorical
196,categorical__club_name_Brentford,club_name,categorical
197,categorical__club_name_Brighton & Hove Albion,club_name,categorical
198,categorical__club_name_Brisbane Roar,club_name,categorical
199,categorical__club_name_Bristol City,club_name,categorical
200,categorical__club_name_Bristol Rovers,club_name,categorical
201,categorical__club_name_Bromley,club_name,categorical
202,categorical__club_name_Bruk-Bet Termalica Nieciecza,club_name,categorical
203,categorical__club_name_Bryne FK,club_name,categorical
204,categorical__club_name_Brøndby IF,club_name,categorical
205,categorical__club_name_Burgos CF,club_name,categorical
206,categorical__club_name_Burnley,club_name,categorical
207,categorical__club_name_Burton Albion,club_name,categorical
208,categorical__club_name_CA Aldosivi,club_name,categorical
209,categorical__club_name_CA Banfield,club_name,categorical
210,categorical__club_name_CA Osasuna,club_name,categorical
211,categorical__club_name_CD Castellón,club_name,categorical
212,categorical__club_name_CD Leganés,club_name,categorical
213,categorical__club_name_CD Mirandés,club_name,categorical
214,categorical__club_name_CD Nacional,club_name,categorical
215,categorical__club_name_CD Palestino,club_name,categorical
216,categorical__club_name_CD Tondela,club_name,categorical
217,categorical__club_name_CF Montréal,club_name,categorical
218,categorical__club_name_CFR Cluj,club_name,categorical
219,categorical__club_name_Cagliari,club_name,categorical
220,categorical__club_name_Cambridge United,club_name,categorical
221,categorical__club_name_Carabobo FC,club_name,categorical
222,categorical__club_name_Caracas FC,club_name,categorical
223,categorical__club_name_Cardiff City,club_name,categorical
224,categorical__club_name_Carrarese,club_name,categorical
225,categorical__club_name_Casa Pia,club_name,categorical
226,categorical__club_name_Catanzaro,club_name,categorical
227,categorical__club_name_Celtic,club_name,categorical
228,categorical__club_name_Central Coast Mariners,club_name,categorical
229,categorical__club_name_Central Cordoba SdE,club_name,categorical
230,categorical__club_name_Cercle Brugge KSV,club_name,categorical
231,categorical__club_name_Cerro Largo,club_name,categorical
232,categorical__club_name_Cerro Porteño,club_name,categorical
233,categorical__club_name_Cesena FC,club_name,categorical
234,categorical__club_name_Changchun Yatai,club_name,categorical
235,categorical__club_name_Charlotte FC,club_name,categorical
236,categorical__club_name_Charlton Athletic,club_name,categorical
237,categorical__club_name_Chelsea,club_name,categorical
238,categorical__club_name_Cheltenham Town,club_name,categorical
239,categorical__club_name_Chengdu Rongcheng,club_name,categorical
240,categorical__club_name_Chennaiyin FC,club_name,categorical
241,categorical__club_name_Chesterfield,club_name,categorical
242,categorical__club_name_Chicago Fire,club_name,categorical
243,categorical__club_name_Cienciano,club_name,categorical
244,categorical__club_name_Clermont Foot 63,club_name,categorical
245,categorical__club_name_Club Atlético San Martín,club_name,categorical
246,categorical__club_name_Club Atlético Sarmiento,club_name,categorical
247,categorical__club_name_Club Atlético Unión,club_name,categorical
248,categorical__club_name_Club Brugge KV,club_name,categorical
249,categorical__club_name_Club Nacional de Football,club_name,categorical
250,categorical__club_name_Club Olimpia,club_name,categorical
251,categorical__club_name_Colchester United,club_name,categorical
252,categorical__club_name_Colo-Colo,club_name,categorical
253,categorical__club_name_Colorado Rapids,club_name,categorical
254,categorical__club_name_Columbus Crew,club_name,categorical
255,categorical__club_name_Como,club_name,categorical
256,categorical__club_name_Corinthians,club_name,categorical
257,categorical__club_name_Cork City,club_name,categorical
258,categorical__club_name_Coventry City,club_name,categorical
259,categorical__club_name_Cracovia,club_name,categorical
260,categorical__club_name_Crawley Town,club_name,categorical
261,categorical__club_name_Cremonese,club_name,categorical
262,categorical__club_name_Crewe Alexandra,club_name,categorical
263,categorical__club_name_Cruzeiro,club_name,categorical
264,categorical__club_name_Crystal Palace,club_name,categorical
265,categorical__club_name_Csíkszereda Miercurea Ciuc,club_name,categorical
266,categorical__club_name_Cultural Leonesa,club_name,categorical
267,categorical__club_name_Cádiz CF,club_name,categorical
268,categorical__club_name_Córdoba CF,club_name,categorical
269,categorical__club_name_DC United,club_name,categorical
270,categorical__club_name_DSC Arminia Bielefeld,club_name,categorical
271,categorical__club_name_Daegu FC,club_name,categorical
272,categorical__club_name_Daejeon Citizen,club_name,categorical
273,categorical__club_name_Dalian Yingbo,club_name,categorical
274,categorical__club_name_Damac FC,club_name,categorical
275,categorical__club_name_Defensa y Justicia,club_name,categorical
276,categorical__club_name_Degerfors IF,club_name,categorical
277,categorical__club_name_Deportes Iquique,club_name,categorical
278,categorical__club_name_Deportivo Alavés,club_name,categorical
279,categorical__club_name_Deportivo Riestra,club_name,categorical
280,categorical__club_name_Deportivo Táchira,club_name,categorical
281,categorical__club_name_Derby County,club_name,categorical
282,categorical__club_name_Derry City,club_name,categorical
283,categorical__club_name_Dinamo Bucureşti,club_name,categorical
284,categorical__club_name_Dinamo Zagreb,club_name,categorical
285,categorical__club_name_Djurgårdens IF,club_name,categorical
286,categorical__club_name_Doncaster Rovers,club_name,categorical
287,categorical__club_name_Drogheda United,club_name,categorical
288,categorical__club_name_Dundee FC,club_name,categorical
289,categorical__club_name_Dundee United FC,club_name,categorical
290,categorical__club_name_Dynamo Dresden,club_name,categorical
291,categorical__club_name_Dynamo Kyiv,club_name,categorical
292,categorical__club_name_ESTAC Troyes,club_name,categorical
293,categorical__club_name_East Bengal FC,club_name,categorical
294,categorical__club_name_Eintracht Braunschweig,club_name,categorical
295,categorical__club_name_Eintracht Frankfurt,club_name,categorical
296,categorical__club_name_Elche CF,club_name,categorical
297,categorical__club_name_Empoli,club_name,categorical
298,categorical__club_name_En Avant Guingamp,club_name,categorical
299,categorical__club_name_Estrela da Amadora,club_name,categorical
300,categorical__club_name_Estudiantes de La Plata,club_name,categorical
301,categorical__club_name_Everton,club_name,categorical
302,categorical__club_name_Excelsior,club_name,categorical
303,categorical__club_name_Exeter City,club_name,categorical
304,categorical__club_name_Eyüpspor,club_name,categorical
305,categorical__club_name_FBC Melgar,club_name,categorical
306,categorical__club_name_FC Andorra,club_name,categorical
307,categorical__club_name_FC Annecy,club_name,categorical
308,categorical__club_name_FC Anyang,club_name,categorical
309,categorical__club_name_FC Argeș,club_name,categorical
310,categorical__club_name_FC Arouca,club_name,categorical
311,categorical__club_name_FC Augsburg,club_name,categorical
312,categorical__club_name_FC Barcelona,club_name,categorical
313,categorical__club_name_FC Basel 1893,club_name,categorical
314,categorical__club_name_FC Bayern München,club_name,categorical
315,categorical__club_name_FC Botoşani,club_name,categorical
316,categorical__club_name_FC Cincinnati,club_name,categorical
317,categorical__club_name_FC Dallas,club_name,categorical
318,categorical__club_name_FC Energie Cottbus,club_name,categorical
319,categorical__club_name_FC Erzgebirge Aue,club_name,categorical
320,categorical__club_name_FC Goa,club_name,categorical
321,categorical__club_name_FC Groningen,club_name,categorical
322,categorical__club_name_FC Hansa Rostock,club_name,categorical
323,categorical__club_name_FC Hermannstadt,club_name,categorical
324,categorical__club_name_FC Ingolstadt 04,club_name,categorical
325,categorical__club_name_FC København,club_name,categorical
326,categorical__club_name_FC Lausanne-Sport,club_name,categorical
327,categorical__club_name_FC Lorient,club_name,categorical
328,categorical__club_name_FC Lugano,club_name,categorical
329,categorical__club_name_FC Luzern,club_name,categorical
330,categorical__club_name_FC Metz,club_name,categorical
331,categorical__club_name_FC Midtjylland,club_name,categorical
332,categorical__club_name_FC Nantes,club_name,categorical
333,categorical__club_name_FC Nordsjælland,club_name,categorical
334,categorical__club_name_FC Porto,club_name,categorical
335,categorical__club_name_FC Red Bull Salzburg,club_name,categorical
336,categorical__club_name_FC Schalke 04,club_name,categorical
337,categorical__club_name_FC Seoul,club_name,categorical
338,categorical__club_name_FC Sion,club_name,categorical
339,categorical__club_name_FC St. Pauli,club_name,categorical
340,categorical__club_name_FC St.Gallen 1879,club_name,categorical
341,categorical__club_name_FC Thun,club_name,categorical
342,categorical__club_name_FC Twente,club_name,categorical
343,categorical__club_name_FC Utrecht,club_name,categorical
344,categorical__club_name_FC Volendam,club_name,categorical
345,categorical__club_name_FC Winterthur,club_name,categorical
346,categorical__club_name_FC Zürich,club_name,categorical
347,categorical__club_name_FCSB,club_name,categorical
348,categorical__club_name_FCV Dender EH,club_name,categorical
349,categorical__club_name_FCV Farul Constanța,club_name,categorical
350,categorical__club_name_FK Austria Wien,club_name,categorical
351,categorical__club_name_FK Bodø/Glimt,club_name,categorical
352,categorical__club_name_FK Haugesund,club_name,categorical
353,categorical__club_name_Falkirk,club_name,categorical
354,categorical__club_name_Famalicão,club_name,categorical
355,categorical__club_name_Fatih Karagümrük,club_name,categorical
356,categorical__club_name_Fenerbahçe SK,club_name,categorical
357,categorical__club_name_Ferencvárosi Torna Club,club_name,categorical
358,categorical__club_name_Feyenoord,club_name,categorical
359,categorical__club_name_Fiorentina,club_name,categorical
360,categorical__club_name_Flamengo,club_name,categorical
361,categorical__club_name_Fleetwood Town,club_name,categorical
362,categorical__club_name_Fluminense,club_name,categorical
363,categorical__club_name_Fortaleza,club_name,categorical
364,categorical__club_name_Fortuna Düsseldorf,club_name,categorical
365,categorical__club_name_Fortuna Sittard,club_name,categorical
366,categorical__club_name_Fredericia,club_name,categorical
367,categorical__club_name_Fredrikstad FK,club_name,categorical
368,categorical__club_name_Frosinone,club_name,categorical
369,categorical__club_name_Fulham FC,club_name,categorical
370,categorical__club_name_GAIS,club_name,categorical
371,categorical__club_name_GD Estoril Praia,club_name,categorical
372,categorical__club_name_GKS Katowice,club_name,categorical
373,categorical__club_name_Galatasaray SK,club_name,categorical
374,categorical__club_name_Galway United,club_name,categorical
375,categorical__club_name_Gangwon FC,club_name,categorical
376,categorical__club_name_Gaziantep FK,club_name,categorical
377,categorical__club_name_Genoa,club_name,categorical
378,categorical__club_name_Gençlerbirliği SK,club_name,categorical
379,categorical__club_name_Getafe CF,club_name,categorical
380,categorical__club_name_Gil Vicente FC,club_name,categorical
381,categorical__club_name_Gillingham,club_name,categorical
382,categorical__club_name_Gimcheon Sangmu FC,club_name,categorical
383,categorical__club_name_Gimnasia y Esgrima La Plata,club_name,categorical
384,categorical__club_name_Girona FC,club_name,categorical
385,categorical__club_name_Go Ahead Eagles,club_name,categorical
386,categorical__club_name_Godoy Cruz,club_name,categorical
387,categorical__club_name_Granada CF,club_name,categorical
388,categorical__club_name_Grasshopper Club Zürich,club_name,categorical
389,categorical__club_name_Grazer AK 1902,club_name,categorical
390,categorical__club_name_Grenoble Foot 38,club_name,categorical
391,categorical__club_name_Grimsby Town,club_name,categorical
392,categorical__club_name_Grêmio,club_name,categorical
393,categorical__club_name_Gualberto Villarroel SJ,club_name,categorical
394,categorical__club_name_Guaraní,club_name,categorical
395,categorical__club_name_Gwangju FC,club_name,categorical
396,categorical__club_name_Górnik Zabrze,club_name,categorical
397,categorical__club_name_Göztepe SK,club_name,categorical
398,categorical__club_name_HJK Helsinki,club_name,categorical
399,categorical__club_name_Hajduk Split,club_name,categorical
400,categorical__club_name_Halmstads BK,club_name,categorical
401,categorical__club_name_Hamarkameratene,club_name,categorical
402,categorical__club_name_Hamburger SV,club_name,categorical
403,categorical__club_name_Hammarby Fotboll,club_name,categorical
404,categorical__club_name_Hannover 96,club_name,categorical
405,categorical__club_name_Harrogate Town,club_name,categorical
406,categorical__club_name_Hearts,club_name,categorical
407,categorical__club_name_Hellas Verona FC,club_name,categorical
408,categorical__club_name_Henan FC,club_name,categorical
409,categorical__club_name_Heracles Almelo,club_name,categorical
410,categorical__club_name_Hertha BSC,club_name,categorical
411,categorical__club_name_Hibernian,club_name,categorical
412,categorical__club_name_Holstein Kiel,club_name,categorical
413,categorical__club_name_Houston Dynamo,club_name,categorical
414,categorical__club_name_Huddersfield Town,club_name,categorical
415,categorical__club_name_Hull City,club_name,categorical
416,categorical__club_name_Huracán,club_name,categorical
417,categorical__club_name_Hyderabad FC,club_name,categorical
418,categorical__club_name_IF Brommapojkarna,club_name,categorical
419,categorical__club_name_IF Elfsborg,club_name,categorical
420,categorical__club_name_IFK Göteborg,club_name,categorical
421,categorical__club_name_IFK Norrköping,club_name,categorical
422,categorical__club_name_IFK Värnamo,club_name,categorical
423,categorical__club_name_IK Sirius,club_name,categorical
424,categorical__club_name_Independiente,club_name,categorical
425,categorical__club_name_Independiente Rivadavia,club_name,categorical
426,categorical__club_name_Independiente del Valle,club_name,categorical
427,categorical__club_name_Instituto Atlético Central Córdoba,club_name,categorical
428,categorical__club_name_Inter,club_name,categorical
429,categorical__club_name_Inter Miami,club_name,categorical
430,categorical__club_name_Internacional,club_name,categorical
431,categorical__club_name_Ipswich Town,club_name,categorical
432,categorical__club_name_Jagiellonia Białystok,club_name,categorical
433,categorical__club_name_Jamshedpur FC,club_name,categorical
434,categorical__club_name_Jeju United FC,club_name,categorical
435,categorical__club_name_Jeonbuk Hyundai Motors,club_name,categorical
436,categorical__club_name_Juventus,club_name,categorical
437,categorical__club_name_KAA Gent,club_name,categorical
438,categorical__club_name_KFUM-Kameratene Oslo,club_name,categorical
439,categorical__club_name_KRC Genk,club_name,categorical
440,categorical__club_name_KV Mechelen,club_name,categorical
441,categorical__club_name_KVC Westerlo,club_name,categorical
442,categorical__club_name_Karlsruher SC,club_name,categorical
443,categorical__club_name_Kasımpaşa SK,club_name,categorical
444,categorical__club_name_Kayserispor,club_name,categorical
445,categorical__club_name_Kerala Blasters FC,club_name,categorical
446,categorical__club_name_Kilmarnock,club_name,categorical
447,categorical__club_name_Kocaelispor,club_name,categorical
448,categorical__club_name_Konyaspor,club_name,categorical
449,categorical__club_name_Korona Kielce,club_name,categorical
450,categorical__club_name_Kristiansund BK,club_name,categorical
451,categorical__club_name_LA Galaxy,club_name,categorical
452,categorical__club_name_LASK Linz,club_name,categorical
453,categorical__club_name_LDU Quito,club_name,categorical
454,categorical__club_name_Lanús,club_name,categorical
455,categorical__club_name_Lazio,club_name,categorical
456,categorical__club_name_Le Havre AC,club_name,categorical
457,categorical__club_name_Le Mans FC,club_name,categorical
458,categorical__club_name_Lecce,club_name,categorical
459,categorical__club_name_Lech Poznań,club_name,categorical
460,categorical__club_name_Lechia Gdańsk,club_name,categorical
461,categorical__club_name_Leeds United,club_name,categorical
462,categorical__club_name_Legia Warszawa,club_name,categorical
463,categorical__club_name_Leicester City,club_name,categorical
464,categorical__club_name_Levante UD,club_name,categorical
465,categorical__club_name_Leyton Orient,club_name,categorical
466,categorical__club_name_Libertad,club_name,categorical
467,categorical__club_name_Lille OSC,club_name,categorical
468,categorical__club_name_Lincoln City,club_name,categorical
469,categorical__club_name_Liverpool,club_name,categorical
470,categorical__club_name_Livingston FC,club_name,categorical
471,categorical__club_name_Los Angeles FC,club_name,categorical
472,categorical__club_name_Luton Town,club_name,categorical
473,categorical__club_name_MSV Duisburg,club_name,categorical
474,categorical__club_name_Macarthur FC,club_name,categorical
475,categorical__club_name_Malmö FF,club_name,categorical
476,categorical__club_name_Manchester City,club_name,categorical
477,categorical__club_name_Manchester United,club_name,categorical
478,categorical__club_name_Mansfield Town,club_name,categorical
479,categorical__club_name_Mantova,club_name,categorical
480,categorical__club_name_Medipol Başakşehir FK,club_name,categorical
481,categorical__club_name_Meizhou Hakka,club_name,categorical
482,categorical__club_name_Melbourne City FC,club_name,categorical
483,categorical__club_name_Melbourne Victory,club_name,categorical
484,categorical__club_name_Metaloglobus București,club_name,categorical
485,categorical__club_name_Middlesbrough,club_name,categorical
486,categorical__club_name_Millwall FC,club_name,categorical
487,categorical__club_name_Milton Keynes Dons,club_name,categorical
488,categorical__club_name_Minnesota United FC,club_name,categorical
489,categorical__club_name_Mjällby AIF,club_name,categorical
490,categorical__club_name_Modena,club_name,categorical
491,categorical__club_name_Mohammedan SC,club_name,categorical
492,categorical__club_name_Mohun Bagan Super Giant,club_name,categorical
493,categorical__club_name_Molde FK,club_name,categorical
494,categorical__club_name_Montpellier HSC,club_name,categorical
495,categorical__club_name_Monza,club_name,categorical
496,categorical__club_name_Moreirense FC,club_name,categorical
497,categorical__club_name_Motherwell FC,club_name,categorical
498,categorical__club_name_Motor Lublin,club_name,categorical
499,categorical__club_name_Mumbai City FC,club_name,categorical
500,categorical__club_name_Mushuc Runa,club_name,categorical
501,categorical__club_name_Málaga CF,club_name,categorical
502,categorical__club_name_NAC Breda,club_name,categorical
503,categorical__club_name_NEC Nijmegen,club_name,categorical
504,categorical__club_name_NEOM SC,club_name,categorical
505,categorical__club_name_Nacional Potosí,club_name,categorical
506,categorical__club_name_Napoli,club_name,categorical
507,categorical__club_name_Nashville SC,club_name,categorical
508,categorical__club_name_New England Revolution,club_name,categorical
509,categorical__club_name_New York City FC,club_name,categorical
510,categorical__club_name_New York Red Bulls,club_name,categorical
511,categorical__club_name_Newcastle Jets,club_name,categorical
512,categorical__club_name_Newcastle United,club_name,categorical
513,categorical__club_name_Newell's Old Boys,club_name,categorical
514,categorical__club_name_Newport County,club_name,categorical
515,categorical__club_name_NorthEast United,club_name,categorical
516,categorical__club_name_Northampton Town,club_name,categorical
517,categorical__club_name_Norwich City,club_name,categorical
518,categorical__club_name_Nottingham Forest,club_name,categorical
519,categorical__club_name_Notts County,club_name,categorical
520,categorical__club_name_OGC Nice,club_name,categorical
521,categorical__club_name_Odense Boldklub,club_name,categorical
522,categorical__club_name_Odisha FC,club_name,categorical
523,categorical__club_name_Oldham Athletic,club_name,categorical
524,categorical__club_name_Olympiacos FC,club_name,categorical
525,categorical__club_name_Olympique Lyonnais,club_name,categorical
526,categorical__club_name_Olympique de Marseille,club_name,categorical
527,categorical__club_name_Once Caldas,club_name,categorical
528,categorical__club_name_Orlando City SC,club_name,categorical
529,categorical__club_name_Oud-Heverlee Leuven,club_name,categorical
530,categorical__club_name_Oxford United,club_name,categorical
531,categorical__club_name_Oțelul Galați,club_name,categorical
532,categorical__club_name_PAOK,club_name,categorical
533,categorical__club_name_PEC Zwolle,club_name,categorical
534,categorical__club_name_PSV,club_name,categorical
535,categorical__club_name_Padova,club_name,categorical
536,categorical__club_name_Palermo FC,club_name,categorical
537,categorical__club_name_Palmeiras,club_name,categorical
538,categorical__club_name_Panathinaikos FC,club_name,categorical
539,categorical__club_name_Paris FC,club_name,categorical
540,categorical__club_name_Paris Saint-Germain,club_name,categorical
541,categorical__club_name_Parma,club_name,categorical
542,categorical__club_name_Pau FC,club_name,categorical
543,categorical__club_name_Perth Glory,club_name,categorical
544,categorical__club_name_Pescara,club_name,categorical
545,categorical__club_name_Peterborough United,club_name,categorical
546,categorical__club_name_Peñarol,club_name,categorical
547,categorical__club_name_Philadelphia Union,club_name,categorical
548,categorical__club_name_Piast Gliwice,club_name,categorical
549,categorical__club_name_Pisa,club_name,categorical
550,categorical__club_name_Platense,club_name,categorical
551,categorical__club_name_Plymouth Argyle,club_name,categorical
552,categorical__club_name_Pogoń Szczecin,club_name,categorical
553,categorical__club_name_Pohang Steelers,club_name,categorical
554,categorical__club_name_Port Vale,club_name,categorical
555,categorical__club_name_Portland Timbers,club_name,categorical
556,categorical__club_name_Portsmouth,club_name,categorical
557,categorical__club_name_Preston North End,club_name,categorical
558,categorical__club_name_Punjab FC,club_name,categorical
559,categorical__club_name_Qarabağ FK,club_name,categorical
560,categorical__club_name_Qingdao Hainiu FC,club_name,categorical
561,categorical__club_name_Qingdao West Coast FC,club_name,categorical
562,categorical__club_name_Queens Park Rangers,club_name,categorical
563,categorical__club_name_RAAL La Louvière,club_name,categorical
564,categorical__club_name_RB Leipzig,club_name,categorical
565,categorical__club_name_RC Celta,club_name,categorical
566,categorical__club_name_RC Deportivo de La Coruña,club_name,categorical
567,categorical__club_name_RC Lens,club_name,categorical
568,categorical__club_name_RC Strasbourg Alsace,club_name,categorical
569,categorical__club_name_RCD Espanyol,club_name,categorical
570,categorical__club_name_RCD Mallorca,club_name,categorical
571,categorical__club_name_RSC Anderlecht,club_name,categorical
572,categorical__club_name_Racing Club,club_name,categorical
573,categorical__club_name_Racing Club de Montevideo,club_name,categorical
574,categorical__club_name_Racing Santander,club_name,categorical
575,categorical__club_name_Radomiak Radom,club_name,categorical
576,categorical__club_name_Raków Częstochowa,club_name,categorical
577,categorical__club_name_Randers FC,club_name,categorical
578,categorical__club_name_Rangers FC,club_name,categorical
579,categorical__club_name_Rapid Bucuresti,club_name,categorical
580,categorical__club_name_Rayo Vallecano,club_name,categorical
581,categorical__club_name_Reading FC,club_name,categorical
582,categorical__club_name_Real Betis Balompié,club_name,categorical
583,categorical__club_name_Real Madrid,club_name,categorical
584,categorical__club_name_Real Oviedo,club_name,categorical
585,categorical__club_name_Real Salt Lake,club_name,categorical
586,categorical__club_name_Real Sociedad,club_name,categorical
587,categorical__club_name_Real Sociedad de Fútbol B,club_name,categorical
588,categorical__club_name_Real Sporting de Gijón,club_name,categorical
589,categorical__club_name_Real Valladolid CF,club_name,categorical
590,categorical__club_name_Real Zaragoza,club_name,categorical
591,categorical__club_name_Red Star FC,club_name,categorical
592,categorical__club_name_Reggiana,club_name,categorical
593,categorical__club_name_Rio Ave FC,club_name,categorical
594,categorical__club_name_River Plate,club_name,categorical
595,categorical__club_name_Rodez Aveyron Football,club_name,categorical
596,categorical__club_name_Roma,club_name,categorical
597,categorical__club_name_Rosario Central,club_name,categorical
598,categorical__club_name_Rosenborg BK,club_name,categorical
599,categorical__club_name_Rot-Weiss Essen,club_name,categorical
600,categorical__club_name_Rotherham United,club_name,categorical
601,categorical__club_name_Royal Antwerp FC,club_name,categorical
602,categorical__club_name_Royal Charleroi Sporting Club,club_name,categorical
603,categorical__club_name_SC Freiburg,club_name,categorical
604,categorical__club_name_SC Heerenveen,club_name,categorical
605,categorical__club_name_SC Paderborn 07,club_name,categorical
606,categorical__club_name_SC Preußen Münster,club_name,categorical
607,categorical__club_name_SC Rheindorf Altach,club_name,categorical
608,categorical__club_name_SC Verl,club_name,categorical
609,categorical__club_name_SD Eibar,club_name,categorical
610,categorical__club_name_SD Huesca,club_name,categorical
611,categorical__club_name_SK Brann,club_name,categorical
612,categorical__club_name_SK Rapid,club_name,categorical
613,categorical__club_name_SK Slavia Praha,club_name,categorical
614,categorical__club_name_SK Sturm Graz,club_name,categorical
615,categorical__club_name_SL Benfica,club_name,categorical
616,categorical__club_name_SS Juve Stabia,club_name,categorical
617,categorical__club_name_SSC Bari,club_name,categorical
618,categorical__club_name_SSV Jahn Regensburg,club_name,categorical
619,categorical__club_name_SSV Ulm 1846,club_name,categorical
620,categorical__club_name_SV Darmstadt 98,club_name,categorical
621,categorical__club_name_SV Elversberg,club_name,categorical
622,categorical__club_name_SV Ried,club_name,categorical
623,categorical__club_name_SV Waldhof Mannheim,club_name,categorical
624,categorical__club_name_SV Wehen Wiesbaden,club_name,categorical
625,categorical__club_name_SV Werder Bremen,club_name,categorical
626,categorical__club_name_SV Zulte Waregem,club_name,categorical
627,categorical__club_name_Salford City,club_name,categorical
628,categorical__club_name_Sampdoria,club_name,categorical
629,categorical__club_name_Samsunspor,club_name,categorical
630,categorical__club_name_San Antonio Bulo Bulo,club_name,categorical
631,categorical__club_name_San Diego FC,club_name,categorical
632,categorical__club_name_San Jose Earthquakes,club_name,categorical
633,categorical__club_name_San Lorenzo de Almagro,club_name,categorical
634,categorical__club_name_Sandefjord Fotball,club_name,categorical
635,categorical__club_name_Santa Clara,club_name,categorical
636,categorical__club_name_Sarpsborg 08 FF,club_name,categorical
637,categorical__club_name_Sassuolo,club_name,categorical
638,categorical__club_name_Seattle Sounders FC,club_name,categorical
639,categorical__club_name_Servette FC,club_name,categorical
640,categorical__club_name_Sevilla FC,club_name,categorical
641,categorical__club_name_Shakhtar Donetsk,club_name,categorical
642,categorical__club_name_Shamrock Rovers,club_name,categorical
643,categorical__club_name_Shandong Taishan,club_name,categorical
644,categorical__club_name_Shanghai Port,club_name,categorical
645,categorical__club_name_Shanghai Shenhua,club_name,categorical
646,categorical__club_name_Sheffield United,club_name,categorical
647,categorical__club_name_Sheffield Wednesday,club_name,categorical
648,categorical__club_name_Shelbourne FC,club_name,categorical
649,categorical__club_name_Shenzhen Peng City,club_name,categorical
650,categorical__club_name_Shrewsbury Town,club_name,categorical
651,categorical__club_name_Silkeborg IF,club_name,categorical
652,categorical__club_name_Sint-Truidense VV,club_name,categorical
653,categorical__club_name_Sligo Rovers,club_name,categorical
654,categorical__club_name_Southampton,club_name,categorical
655,categorical__club_name_SpVgg Greuther Fürth,club_name,categorical
656,categorical__club_name_Sparta Praha,club_name,categorical
657,categorical__club_name_Sparta Rotterdam,club_name,categorical
658,categorical__club_name_Spezia,club_name,categorical
659,categorical__club_name_Sporting CP,club_name,categorical
660,categorical__club_name_Sporting Club Bastia,club_name,categorical
661,categorical__club_name_Sporting Clube de Braga,club_name,categorical
662,categorical__club_name_Sporting Cristal,club_name,categorical
663,categorical__club_name_Sporting Kansas City,club_name,categorical
664,categorical__club_name_Sportivo Luqueño,club_name,categorical
665,categorical__club_name_St Patrick's Athletic FC,club_name,categorical
666,categorical__club_name_St. Louis CITY SC,club_name,categorical
667,categorical__club_name_St. Mirren,club_name,categorical
668,categorical__club_name_Stade Brestois 29,club_name,categorical
669,categorical__club_name_Stade Lavallois Mayenne FC,club_name,categorical
670,categorical__club_name_Stade Rennais FC,club_name,categorical
671,categorical__club_name_Stade de Reims,club_name,categorical
672,categorical__club_name_Standard de Liège,club_name,categorical
673,categorical__club_name_Stevenage,club_name,categorical
674,categorical__club_name_Stockport County,club_name,categorical
675,categorical__club_name_Stoke City,club_name,categorical
676,categorical__club_name_Strømsgodset IF,club_name,categorical
677,categorical__club_name_Sunderland,club_name,categorical
678,categorical__club_name_Suwon FC,club_name,categorical
679,categorical__club_name_Swansea City,club_name,categorical
680,categorical__club_name_Swindon Town,club_name,categorical
681,categorical__club_name_Sydney FC,club_name,categorical
682,categorical__club_name_São Paulo,club_name,categorical
683,categorical__club_name_Sønderjyske Fodbold,club_name,categorical
684,categorical__club_name_Südtirol,club_name,categorical
685,categorical__club_name_TSG 1899 Hoffenheim,club_name,categorical
686,categorical__club_name_TSG 1899 Hoffenheim II,club_name,categorical
687,categorical__club_name_TSV 1860 München,club_name,categorical
688,categorical__club_name_TSV Hartberg,club_name,categorical
689,categorical__club_name_TSV Havelse,club_name,categorical
690,categorical__club_name_Talleres,club_name,categorical
691,categorical__club_name_Telstar,club_name,categorical
692,categorical__club_name_Tianjin Jinmen Tiger,club_name,categorical
693,categorical__club_name_Tigre,club_name,categorical
694,categorical__club_name_Torino,club_name,categorical
695,categorical__club_name_Toronto FC,club_name,categorical
696,categorical__club_name_Tottenham Hotspur,club_name,categorical
697,categorical__club_name_Toulouse FC,club_name,categorical
698,categorical__club_name_Trabzonspor,club_name,categorical
699,categorical__club_name_Tranmere Rovers,club_name,categorical
700,categorical__club_name_Tromsø IL,club_name,categorical
701,categorical__club_name_UD Almería,club_name,categorical
702,categorical__club_name_UD Las Palmas,club_name,categorical
703,categorical__club_name_US Boulogne Cote d'Opale,club_name,categorical
704,categorical__club_name_USL Dunkerque,club_name,categorical
705,categorical__club_name_UTA Arad,club_name,categorical
706,categorical__club_name_Udinese,club_name,categorical
707,categorical__club_name_Ulsan HD FC,club_name,categorical
708,categorical__club_name_Union Saint-Gilloise,club_name,categorical
709,categorical__club_name_Unirea Slobozia,club_name,categorical
710,categorical__club_name_United Tigers SC,club_name,categorical
711,categorical__club_name_Universidad Católica,club_name,categorical
712,categorical__club_name_Universidad Católica del Ecuador,club_name,categorical
713,categorical__club_name_Universidad de Chile,club_name,categorical
714,categorical__club_name_Universitario de Deportes,club_name,categorical
715,categorical__club_name_Universitatea Cluj,club_name,categorical
716,categorical__club_name_Universitatea Craiova,club_name,categorical
717,categorical__club_name_Unión Española,club_name,categorical
718,categorical__club_name_Valencia CF,club_name,categorical
719,categorical__club_name_Vancouver Whitecaps FC,club_name,categorical
720,categorical__club_name_Vasco da Gama,club_name,categorical
721,categorical__club_name_Vejle Boldklub,club_name,categorical
722,categorical__club_name_Venezia,club_name,categorical
723,categorical__club_name_VfB Stuttgart,club_name,categorical
724,categorical__club_name_VfB Stuttgart II,club_name,categorical
725,categorical__club_name_VfL Bochum 1848,club_name,categorical
726,categorical__club_name_VfL Osnabrück,club_name,categorical
727,categorical__club_name_VfL Wolfsburg,club_name,categorical
728,categorical__club_name_Viborg FF,club_name,categorical
729,categorical__club_name_Viking FK,club_name,categorical
730,categorical__club_name_Viktoria Köln,club_name,categorical
731,categorical__club_name_Viktoria Plzeň,club_name,categorical
732,categorical__club_name_Villarreal CF,club_name,categorical
733,categorical__club_name_Virtus Entella,club_name,categorical
734,categorical__club_name_Vitória,club_name,categorical
735,categorical__club_name_Vitória SC,club_name,categorical
736,categorical__club_name_Vålerenga Fotball,club_name,categorical
737,categorical__club_name_Vélez Sarsfield,club_name,categorical
738,categorical__club_name_WSG Tirol,club_name,categorical
739,categorical__club_name_Walsall,club_name,categorical
740,categorical__club_name_Waterford FC,club_name,categorical
741,categorical__club_name_Watford,club_name,categorical
742,categorical__club_name_Wellington Phoenix,club_name,categorical
743,categorical__club_name_West Bromwich Albion,club_name,categorical
744,categorical__club_name_West Ham United,club_name,categorical
745,categorical__club_name_Western Sydney Wanderers,club_name,categorical
746,categorical__club_name_Western United,club_name,categorical
747,categorical__club_name_Widzew Łódź,club_name,categorical
748,categorical__club_name_Wigan Athletic,club_name,categorical
749,categorical__club_name_Wisła Płock,club_name,categorical
750,categorical__club_name_Wolfsberger AC,club_name,categorical
751,categorical__club_name_Wolverhampton Wanderers,club_name,categorical
752,categorical__club_name_Wrexham,club_name,categorical
753,categorical__club_name_Wuhan Three Towns,club_name,categorical
754,categorical__club_name_Wycombe Wanderers,club_name,categorical
755,categorical__club_name_Yunnan Yukun,club_name,categorical
756,categorical__club_name_Zagłębie Lubin,club_name,categorical
757,categorical__club_name_Zhejiang FC,club_name,categorical
758,categorical__club_name___MISSING__,club_name,categorical
759,categorical__club_name_Çaykur Rizespor,club_name,categorical
760,categorical__club_name_Östers IF,club_name,categorical
761,categorical__club_position_CAM,club_position,categorical
762,categorical__club_position_CB,club_position,categorical
763,categorical__club_position_CDM,club_position,categorical
764,categorical__club_position_CM,club_position,categorical
765,categorical__club_position_GK,club_position,categorical
766,categorical__club_position_LAM,club_position,categorical
767,categorical__club_position_LB,club_position,categorical
768,categorical__club_position_LCB,club_position,categorical
769,categorical__club_position_LCM,club_position,categorical
770,categorical__club_position_LDM,club_position,categorical
771,categorical__club_position_LM,club_position,categorical
772,categorical__club_position_LS,club_position,categorical
773,categorical__club_position_LW,club_position,categorical
774,categorical__club_position_RAM,club_position,categorical
775,categorical__club_position_RB,club_position,categorical
776,categorical__club_position_RCB,club_position,categorical
777,categorical__club_position_RCM,club_position,categorical
778,categorical__club_position_RDM,club_position,categorical
779,categorical__club_position_RES,club_position,categorical
780,categorical__club_position_RM,club_position,categorical
781,categorical__club_position_RS,club_position,categorical
782,categorical__club_position_RW,club_position,categorical
783,categorical__club_position_ST,club_position,categorical
784,categorical__club_position_SUB,club_position,categorical
785,categorical__club_position___MISSING__,club_position,categorical
786,categorical__club_jersey_number_1,club_jersey_number,categorical
787,categorical__club_jersey_number_10,club_jersey_number,categorical
788,categorical__club_jersey_number_11,club_jersey_number,categorical
789,categorical__club_jersey_number_12,club_jersey_number,categorical
790,categorical__club_jersey_number_13,club_jersey_number,categorical
791,categorical__club_jersey_number_14,club_jersey_number,categorical
792,categorical__club_jersey_number_15,club_jersey_number,categorical
793,categorical__club_jersey_number_16,club_jersey_number,categorical
794,categorical__club_jersey_number_17,club_jersey_number,categorical
795,categorical__club_jersey_number_18,club_jersey_number,categorical
796,categorical__club_jersey_number_19,club_jersey_number,categorical
797,categorical__club_jersey_number_2,club_jersey_number,categorical
798,categorical__club_jersey_number_20,club_jersey_number,categorical
799,categorical__club_jersey_number_21,club_jersey_number,categorical
800,categorical__club_jersey_number_22,club_jersey_number,categorical
801,categorical__club_jersey_number_23,club_jersey_number,categorical
802,categorical__club_jersey_number_24,club_jersey_number,categorical
803,categorical__club_jersey_number_25,club_jersey_number,categorical
804,categorical__club_jersey_number_26,club_jersey_number,categorical
805,categorical__club_jersey_number_27,club_jersey_number,categorical
806,categorical__club_jersey_number_28,club_jersey_number,categorical
807,categorical__club_jersey_number_29,club_jersey_number,categorical
808,categorical__club_jersey_number_3,club_jersey_number,categorical
809,categorical__club_jersey_number_30,club_jersey_number,categorical
810,categorical__club_jersey_number_31,club_jersey_number,categorical
811,categorical__club_jersey_number_32,club_jersey_number,categorical
812,categorical__club_jersey_number_33,club_jersey_number,categorical
813,categorical__club_jersey_number_34,club_jersey_number,categorical
814,categorical__club_jersey_number_35,club_jersey_number,categorical
815,categorical__club_jersey_number_36,club_jersey_number,categorical
816,categorical__club_jersey_number_37,club_jersey_number,categorical
817,categorical__club_jersey_number_38,club_jersey_number,categorical
818,categorical__club_jersey_number_39,club_jersey_number,categorical
819,categorical__club_jersey_number_4,club_jersey_number,categorical
820,categorical__club_jersey_number_40,club_jersey_number,categorical
821,categorical__club_jersey_number_41,club_jersey_number,categorical
822,categorical__club_jersey_number_42,club_jersey_number,categorical
823,categorical__club_jersey_number_43,club_jersey_number,categorical
824,categorical__club_jersey_number_44,club_jersey_number,categorical
825,categorical__club_jersey_number_45,club_jersey_number,categorical
826,categorical__club_jersey_number_46,club_jersey_number,categorical
827,categorical__club_jersey_number_47,club_jersey_number,categorical
828,categorical__club_jersey_number_48,club_jersey_number,categorical
829,categorical__club_jersey_number_49,club_jersey_number,categorical
830,categorical__club_jersey_number_5,club_jersey_number,categorical
831,categorical__club_jersey_number_50,club_jersey_number,categorical
832,categorical__club_jersey_number_51,club_jersey_number,categorical
833,categorical__club_jersey_number_52,club_jersey_number,categorical
834,categorical__club_jersey_number_53,club_jersey_number,categorical
835,categorical__club_jersey_number_55,club_jersey_number,categorical
836,categorical__club_jersey_number_56,club_jersey_number,categorical
837,categorical__club_jersey_number_58,club_jersey_number,categorical
838,categorical__club_jersey_number_59,club_jersey_number,categorical
839,categorical__club_jersey_number_6,club_jersey_number,categorical
840,categorical__club_jersey_number_60,club_jersey_number,categorical
841,categorical__club_jersey_number_61,club_jersey_number,categorical
842,categorical__club_jersey_number_63,club_jersey_number,categorical
843,categorical__club_jersey_number_64,club_jersey_number,categorical
844,categorical__club_jersey_number_66,club_jersey_number,categorical
845,categorical__club_jersey_number_7,club_jersey_number,categorical
846,categorical__club_jersey_number_70,club_jersey_number,categorical
847,categorical__club_jersey_number_71,club_jersey_number,categorical
848,categorical__club_jersey_number_72,club_jersey_number,categorical
849,categorical__club_jersey_number_73,club_jersey_number,categorical
850,categorical__club_jersey_number_74,club_jersey_number,categorical
851,categorical__club_jersey_number_75,club_jersey_number,categorical
852,categorical__club_jersey_number_76,club_jersey_number,categorical
853,categorical__club_jersey_number_77,club_jersey_number,categorical
854,categorical__club_jersey_number_78,club_jersey_number,categorical
855,categorical__club_jersey_number_79,club_jersey_number,categorical
856,categorical__club_jersey_number_8,club_jersey_number,categorical
857,categorical__club_jersey_number_80,club_jersey_number,categorical
858,categorical__club_jersey_number_81,club_jersey_number,categorical
859,categorical__club_jersey_number_82,club_jersey_number,categorical
860,categorical__club_jersey_number_87,club_jersey_number,categorical
861,categorical__club_jersey_number_88,club_jersey_number,categorical
862,categorical__club_jersey_number_89,club_jersey_number,categorical
863,categorical__club_jersey_number_9,club_jersey_number,categorical
864,categorical__club_jersey_number_90,club_jersey_number,categorical
865,categorical__club_jersey_number_91,club_jersey_number,categorical
866,categorical__club_jersey_number_92,club_jersey_number,categorical
867,categorical__club_jersey_number_93,club_jersey_number,categorical
868,categorical__club_jersey_number_94,club_jersey_number,categorical
869,categorical__club_jersey_number_95,club_jersey_number,categorical
870,categorical__club_jersey_number_96,club_jersey_number,categorical
871,categorical__club_jersey_number_97,club_jersey_number,categorical
872,categorical__club_jersey_number_98,club_jersey_number,categorical
873,categorical__club_jersey_number_99,club_jersey_number,categorical
874,categorical__club_jersey_number___MISSING__,club_jersey_number,categorical
875,categorical__club_jersey_number_infrequent_sklearn,club_jersey_number,categorical
876,categorical__nationality_name_Albania,nationality_name,categorical
877,categorical__nationality_name_Algeria,nationality_name,categorical
878,categorical__nationality_name_Angola,nationality_name,categorical
879,categorical__nationality_name_Argentina,nationality_name,categorical
880,categorical__nationality_name_Australia,nationality_name,categorical
881,categorical__nationality_name_Austria,nationality_name,categorical
882,categorical__nationality_name_Azerbaijan,nationality_name,categorical
883,categorical__nationality_name_Belgium,nationality_name,categorical
884,categorical__nationality_name_Bolivia,nationality_name,categorical
885,categorical__nationality_name_Bosnia and Herzegovina,nationality_name,categorical
886,categorical__nationality_name_Brazil,nationality_name,categorical
887,categorical__nationality_name_Bulgaria,nationality_name,categorical
888,categorical__nationality_name_Burkina Faso,nationality_name,categorical
889,categorical__nationality_name_Cabo Verde,nationality_name,categorical
890,categorical__nationality_name_Cameroon,nationality_name,categorical
891,categorical__nationality_name_Canada,nationality_name,categorical
892,categorical__nationality_name_Chile,nationality_name,categorical
893,categorical__nationality_name_China PR,nationality_name,categorical
894,categorical__nationality_name_Colombia,nationality_name,categorical
895,categorical__nationality_name_Comoros,nationality_name,categorical
896,categorical__nationality_name_Congo,nationality_name,categorical
897,categorical__nationality_name_Congo DR,nationality_name,categorical
898,categorical__nationality_name_Costa Rica,nationality_name,categorical
899,categorical__nationality_name_Croatia,nationality_name,categorical
900,categorical__nationality_name_Curacao,nationality_name,categorical
901,categorical__nationality_name_Cyprus,nationality_name,categorical
902,categorical__nationality_name_Czechia,nationality_name,categorical
903,categorical__nationality_name_Côte d'Ivoire,nationality_name,categorical
904,categorical__nationality_name_Denmark,nationality_name,categorical
905,categorical__nationality_name_Ecuador,nationality_name,categorical
906,categorical__nationality_name_England,nationality_name,categorical
907,categorical__nationality_name_Finland,nationality_name,categorical
908,categorical__nationality_name_France,nationality_name,categorical
909,categorical__nationality_name_Gambia,nationality_name,categorical
910,categorical__nationality_name_Georgia,nationality_name,categorical
911,categorical__nationality_name_Germany,nationality_name,categorical
912,categorical__nationality_name_Ghana,nationality_name,categorical
913,categorical__nationality_name_Greece,nationality_name,categorical
914,categorical__nationality_name_Guinea,nationality_name,categorical
915,categorical__nationality_name_Guinea-Bissau,nationality_name,categorical
916,categorical__nationality_name_Haiti,nationality_name,categorical
917,categorical__nationality_name_Honduras,nationality_name,categorical
918,categorical__nationality_name_Hungary,nationality_name,categorical
919,categorical__nationality_name_Iceland,nationality_name,categorical
920,categorical__nationality_name_India,nationality_name,categorical
921,categorical__nationality_name_Israel,nationality_name,categorical
922,categorical__nationality_name_Italy,nationality_name,categorical
923,categorical__nationality_name_Jamaica,nationality_name,categorical
924,categorical__nationality_name_Japan,nationality_name,categorical
925,categorical__nationality_name_Kenya,nationality_name,categorical
926,categorical__nationality_name_Korea Republic,nationality_name,categorical
927,categorical__nationality_name_Kosovo,nationality_name,categorical
928,categorical__nationality_name_Lithuania,nationality_name,categorical
929,categorical__nationality_name_Luxembourg,nationality_name,categorical
930,categorical__nationality_name_Mali,nationality_name,categorical
931,categorical__nationality_name_Mexico,nationality_name,categorical
932,categorical__nationality_name_Montenegro,nationality_name,categorical
933,categorical__nationality_name_Morocco,nationality_name,categorical
934,categorical__nationality_name_Netherlands,nationality_name,categorical
935,categorical__nationality_name_New Zealand,nationality_name,categorical
936,categorical__nationality_name_Nigeria,nationality_name,categorical
937,categorical__nationality_name_North Macedonia,nationality_name,categorical
938,categorical__nationality_name_Northern Ireland,nationality_name,categorical
939,categorical__nationality_name_Norway,nationality_name,categorical
940,categorical__nationality_name_Panama,nationality_name,categorical
941,categorical__nationality_name_Paraguay,nationality_name,categorical
942,categorical__nationality_name_Peru,nationality_name,categorical
943,categorical__nationality_name_Poland,nationality_name,categorical
944,categorical__nationality_name_Portugal,nationality_name,categorical
945,categorical__nationality_name_Qatar,nationality_name,categorical
946,categorical__nationality_name_Republic of Ireland,nationality_name,categorical
947,categorical__nationality_name_Romania,nationality_name,categorical
948,categorical__nationality_name_Russia,nationality_name,categorical
949,categorical__nationality_name_Saudi Arabia,nationality_name,categorical
950,categorical__nationality_name_Scotland,nationality_name,categorical
951,categorical__nationality_name_Senegal,nationality_name,categorical
952,categorical__nationality_name_Serbia,nationality_name,categorical
953,categorical__nationality_name_Sierra Leone,nationality_name,categorical
954,categorical__nationality_name_Slovakia,nationality_name,categorical
955,categorical__nationality_name_Slovenia,nationality_name,categorical
956,categorical__nationality_name_Spain,nationality_name,categorical
957,categorical__nationality_name_Suriname,nationality_name,categorical
958,categorical__nationality_name_Sweden,nationality_name,categorical
959,categorical__nationality_name_Switzerland,nationality_name,categorical
960,categorical__nationality_name_Syria,nationality_name,categorical
961,categorical__nationality_name_Togo,nationality_name,categorical
962,categorical__nationality_name_Tunisia,nationality_name,categorical
963,categorical__nationality_name_Türkiye,nationality_name,categorical
964,categorical__nationality_name_Ukraine,nationality_name,categorical
965,categorical__nationality_name_United States,nationality_name,categorical
966,categorical__nationality_name_Uruguay,nationality_name,categorical
967,categorical__nationality_name_Venezuela,nationality_name,categorical
968,categorical__nationality_name_Wales,nationality_name,categorical
969,categorical__nationality_name_Zimbabwe,nationality_name,categorical
970,categorical__nationality_name_infrequent_sklearn,nationality_name,categorical
971,categorical__preferred_foot_Left,preferred_foot,categorical
972,categorical__preferred_foot_Right,preferred_foot,categorical
973,categorical__body_type_Lean (170-),body_type,categorical
974,categorical__body_type_Lean (170-185),body_type,categorical
975,categorical__body_type_Lean (185+),body_type,categorical
976,categorical__body_type_Normal (170-),body_type,categorical
977,categorical__body_type_Normal (170-185),body_type,categorical
978,categorical__body_type_Normal (185+),body_type,categorical
979,categorical__body_type_Stocky (170-),body_type,categorical
980,categorical__body_type_Stocky (170-185),body_type,categorical
981,categorical__body_type_Stocky (185+),body_type,categorical
982,categorical__body_type_Unique,body_type,categorical
983,categorical__real_face_No,real_face,categorical
984,categorical__real_face_Yes,real_face,categorical
985,loan_status__club_loaned_from_Aston Villa,club_loaned_from,loan_status
986,loan_status__club_loaned_from_Atalanta,club_loaned_from,loan_status
987,loan_status__club_loaned_from_Brighton & Hove Albion,club_loaned_from,loan_status
988,loan_status__club_loaned_from_Burnley,club_loaned_from,loan_status
989,loan_status__club_loaned_from_Chelsea,club_loaned_from,loan_status
990,loan_status__club_loaned_from_Como,club_loaned_from,loan_status
991,loan_status__club_loaned_from_Defensa y Justicia,club_loaned_from,loan_status
992,loan_status__club_loaned_from_Fiorentina,club_loaned_from,loan_status
993,loan_status__club_loaned_from_Juventus,club_loaned_from,loan_status
994,loan_status__club_loaned_from_Manchester City,club_loaned_from,loan_status
995,loan_status__club_loaned_from_Manchester United,club_loaned_from,loan_status
996,loan_status__club_loaned_from_Napoli,club_loaned_from,loan_status
997,loan_status__club_loaned_from_Nottingham Forest,club_loaned_from,loan_status
998,loan_status__club_loaned_from_Sassuolo,club_loaned_from,loan_status
999,loan_status__club_loaned_from_Tottenham Hotspur,club_loaned_from,loan_status
1000,loan_status__club_loaned_from___NOT_ON_LOAN__,club_loaned_from,loan_status
1001,loan_status__club_loaned_from_infrequent_sklearn,club_loaned_from,loan_status
1002,national_team__nation_team_id_105035,nation_team_id,national_team
1003,national_team__nation_team_id_110081,nation_team_id,national_team
1004,national_team__nation_team_id_111111,nation_team_id,national_team
1005,national_team__nation_team_id_111462,nation_team_id,national_team
1006,national_team__nation_team_id_111527,nation_team_id,national_team
1007,national_team__nation_team_id_1318,nation_team_id,national_team
1008,national_team__nation_team_id_1328,nation_team_id,national_team
1009,national_team__nation_team_id_1330,nation_team_id,national_team
1010,national_team__nation_team_id_1331,nation_team_id,national_team
1011,national_team__nation_team_id_1334,nation_team_id,national_team
1012,national_team__nation_team_id_1335,nation_team_id,national_team
1013,national_team__nation_team_id_1337,nation_team_id,national_team
1014,national_team__nation_team_id_1341,nation_team_id,national_team
1015,national_team__nation_team_id_1343,nation_team_id,national_team
1016,national_team__nation_team_id_1352,nation_team_id,national_team
1017,national_team__nation_team_id_1353,nation_team_id,national_team
1018,national_team__nation_team_id_1354,nation_team_id,national_team
1019,national_team__nation_team_id_1355,nation_team_id,national_team
1020,national_team__nation_team_id_1356,nation_team_id,national_team
1021,national_team__nation_team_id_1359,nation_team_id,national_team
1022,national_team__nation_team_id_1362,nation_team_id,national_team
1023,national_team__nation_team_id_1363,nation_team_id,national_team
1024,national_team__nation_team_id_1366,nation_team_id,national_team
1025,national_team__nation_team_id_1367,nation_team_id,national_team
1026,national_team__nation_team_id_1369,nation_team_id,national_team
1027,national_team__nation_team_id_1386,nation_team_id,national_team
1028,national_team__nation_team_id_1387,nation_team_id,national_team
1029,national_team__nation_team_id_1886,nation_team_id,national_team
1030,national_team__nation_team_id___NOT_SELECTED__,nation_team_id,national_team
1031,national_team__nation_position_GK,nation_position,national_team
1032,national_team__nation_position_LB,nation_position,national_team
1033,national_team__nation_position_LCB,nation_position,national_team
1034,national_team__nation_position_LCM,nation_position,national_team
1035,national_team__nation_position_LM,nation_position,national_team
1036,national_team__nation_position_RB,nation_position,national_team
1037,national_team__nation_position_RCB,nation_position,national_team
1038,national_team__nation_position_RCM,nation_position,national_team
1039,national_team__nation_position_RES,nation_position,national_team
1040,national_team__nation_position_RM,nation_position,national_team
1041,national_team__nation_position_ST,nation_position,national_team
1042,national_team__nation_position_SUB,nation_position,national_team
1043,national_team__nation_position___NOT_SELECTED__,nation_position,national_team
1044,national_team__nation_position_infrequent_sklearn,nation_position,national_team
1045,national_team__nation_jersey_number_1,nation_jersey_number,national_team
1046,national_team__nation_jersey_number_10,nation_jersey_number,national_team
1047,national_team__nation_jersey_number_11,nation_jersey_number,national_team
1048,national_team__nation_jersey_number_12,nation_jersey_number,national_team
1049,national_team__nation_jersey_number_13,nation_jersey_number,national_team
1050,national_team__nation_jersey_number_14,nation_jersey_number,national_team
1051,national_team__nation_jersey_number_15,nation_jersey_number,national_team
1052,national_team__nation_jersey_number_16,nation_jersey_number,national_team
1053,national_team__nation_jersey_number_17,nation_jersey_number,national_team
1054,national_team__nation_jersey_number_18,nation_jersey_number,national_team
1055,national_team__nation_jersey_number_19,nation_jersey_number,national_team
1056,national_team__nation_jersey_number_2,nation_jersey_number,national_team
1057,national_team__nation_jersey_number_20,nation_jersey_number,national_team
1058,national_team__nation_jersey_number_21,nation_jersey_number,national_team
1059,national_team__nation_jersey_number_22,nation_jersey_number,national_team
1060,national_team__nation_jersey_number_23,nation_jersey_number,national_team
1061,national_team__nation_jersey_number_24,nation_jersey_number,national_team
1062,national_team__nation_jersey_number_25,nation_jersey_number,national_team
1063,national_team__nation_jersey_number_26,nation_jersey_number,national_team
1064,national_team__nation_jersey_number_3,nation_jersey_number,national_team
1065,national_team__nation_jersey_number_4,nation_jersey_number,national_team
1066,national_team__nation_jersey_number_5,nation_jersey_number,national_team
1067,national_team__nation_jersey_number_6,nation_jersey_number,national_team
1068,national_team__nation_jersey_number_7,nation_jersey_number,national_team
1069,national_team__nation_jersey_number_8,nation_jersey_number,national_team
1070,national_team__nation_jersey_number_9,nation_jersey_number,national_team
1071,national_team__nation_jersey_number___NOT_SELECTED__,nation_jersey_number,national_team
1072,national_team__nation_jersey_number_infrequent_sklearn,nation_jersey_number,national_team
1073,club_tenure__club_tenure_years,club_joined_date,club_tenure
1074,club_tenure__missingindicator_club_tenure_years,club_joined_date,club_tenure
1075,player_positions__player_positions__CAM,player_positions,player_positions
1076,player_positions__player_positions__CB,player_positions,player_positions
1077,player_positions__player_positions__CDM,player_positions,player_positions
1078,player_positions__player_positions__CM,player_positions,player_positions
1079,player_positions__player_positions__GK,player_positions,player_positions
1080,player_positions__player_positions__LB,player_positions,player_positions
1081,player_positions__player_positions__LM,player_positions,player_positions
1082,player_positions__player_positions__LW,player_positions,player_positions
1083,player_positions__player_positions__RB,player_positions,player_positions
1084,player_positions__player_positions__RM,player_positions,player_positions
1085,player_positions__player_positions__RW,player_positions,player_positions
1086,player_positions__player_positions__ST,player_positions,player_positions
1087,player_positions__player_positions____MISSING__,player_positions,player_positions
1088,player_positions__player_positions____RARE__,player_positions,player_positions
1089,player_tags__player_tags__Acrobat,player_tags,player_tags
1090,player_tags__player_tags__Aerial threat,player_tags,player_tags
1091,player_tags__player_tags__Clinical finisher,player_tags,player_tags
1092,player_tags__player_tags__Complete forward,player_tags,player_tags
1093,player_tags__player_tags__Complete midfielder,player_tags,player_tags
1094,player_tags__player_tags__Crosser,player_tags,player_tags
1095,player_tags__player_tags__Distance shooter,player_tags,player_tags
1096,player_tags__player_tags__Dribbler,player_tags,player_tags
1097,player_tags__player_tags__FK Specialist,player_tags,player_tags
1098,player_tags__player_tags__Playmaker,player_tags,player_tags
1099,player_tags__player_tags__Speedster,player_tags,player_tags
1100,player_tags__player_tags__Strength,player_tags,player_tags
1101,player_tags__player_tags__Tackling,player_tags,player_tags
1102,player_tags__player_tags__Tactician,player_tags,player_tags
1103,player_tags__player_tags____MISSING__,player_tags,player_tags
1104,player_tags__player_tags____RARE__,player_tags,player_tags
1105,player_traits__player_traits__Acrobatic,player_traits,player_traits
1106,player_traits__player_traits__Aerial Fortress,player_traits,player_traits
1107,player_traits__player_traits__Anticipate,player_traits,player_traits
1108,player_traits__player_traits__Block,player_traits,player_traits
1109,player_traits__player_traits__Bruiser,player_traits,player_traits
1110,player_traits__player_traits__Chip Shot,player_traits,player_traits
1111,player_traits__player_traits__Cross Claimer,player_traits,player_traits
1112,player_traits__player_traits__Dead Ball,player_traits,player_traits
1113,player_traits__player_traits__Deflector,player_traits,player_traits
1114,player_traits__player_traits__Enforcer,player_traits,player_traits
1115,player_traits__player_traits__Far Reach,player_traits,player_traits
1116,player_traits__player_traits__Far Throw,player_traits,player_traits
1117,player_traits__player_traits__Finesse Shot,player_traits,player_traits
1118,player_traits__player_traits__First Touch,player_traits,player_traits
1119,player_traits__player_traits__Footwork,player_traits,player_traits
1120,player_traits__player_traits__Gamechanger,player_traits,player_traits
1121,player_traits__player_traits__Incisive Pass,player_traits,player_traits
1122,player_traits__player_traits__Intercept,player_traits,player_traits
1123,player_traits__player_traits__Inventive,player_traits,player_traits
1124,player_traits__player_traits__Jockey,player_traits,player_traits
1125,player_traits__player_traits__Long Ball Pass,player_traits,player_traits
1126,player_traits__player_traits__Long Throw,player_traits,player_traits
1127,player_traits__player_traits__Low Driven Shot,player_traits,player_traits
1128,player_traits__player_traits__Pinged Pass,player_traits,player_traits
1129,player_traits__player_traits__Power Shot,player_traits,player_traits
1130,player_traits__player_traits__Precision Header,player_traits,player_traits
1131,player_traits__player_traits__Press Proven,player_traits,player_traits
1132,player_traits__player_traits__Quick Step,player_traits,player_traits
1133,player_traits__player_traits__Rapid,player_traits,player_traits
1134,player_traits__player_traits__Relentless,player_traits,player_traits
1135,player_traits__player_traits__Rush Out,player_traits,player_traits
1136,player_traits__player_traits__Slide Tackle,player_traits,player_traits
1137,player_traits__player_traits__Technical,player_traits,player_traits
1138,player_traits__player_traits__Tiki Taka,player_traits,player_traits
1139,player_traits__player_traits__Trickster,player_traits,player_traits
1140,player_traits__player_traits__Whipped Pass,player_traits,player_traits
1141,player_traits__player_traits____MISSING__,player_traits,player_traits
1142,player_traits__player_traits____RARE__,player_traits,player_traits
1143,position_ratings__ls_base,ls,position_ratings
1144,position_ratings__ls_modifier,ls,position_ratings
1145,position_ratings__st_base,st,position_ratings
1146,position_ratings__st_modifier,st,position_ratings
1147,position_ratings__rs_base,rs,position_ratings
1148,position_ratings__rs_modifier,rs,position_ratings
1149,position_ratings__lw_base,lw,position_ratings
1150,position_ratings__lw_modifier,lw,position_ratings
1151,position_ratings__lf_base,lf,position_ratings
1152,position_ratings__lf_modifier,lf,position_ratings
1153,position_ratings__cf_base,cf,position_ratings
1154,position_ratings__cf_modifier,cf,position_ratings
1155,position_ratings__rf_base,rf,position_ratings
1156,position_ratings__rf_modifier,rf,position_ratings
1157,position_ratings__rw_base,rw,position_ratings
1158,position_ratings__rw_modifier,rw,position_ratings
1159,position_ratings__lam_base,lam,position_ratings
1160,position_ratings__lam_modifier,lam,position_ratings
1161,position_ratings__cam_base,cam,position_ratings
1162,position_ratings__cam_modifier,cam,position_ratings
1163,position_ratings__ram_base,ram,position_ratings
1164,position_ratings__ram_modifier,ram,position_ratings
1165,position_ratings__lm_base,lm,position_ratings
1166,position_ratings__lm_modifier,lm,position_ratings
1167,position_ratings__lcm_base,lcm,position_ratings
1168,position_ratings__lcm_modifier,lcm,position_ratings
1169,position_ratings__cm_base,cm,position_ratings
1170,position_ratings__cm_modifier,cm,position_ratings
1171,position_ratings__rcm_base,rcm,position_ratings
1172,position_ratings__rcm_modifier,rcm,position_ratings
1173,position_ratings__rm_base,rm,position_ratings
1174,position_ratings__rm_modifier,rm,position_ratings
1175,position_ratings__lwb_base,lwb,position_ratings
1176,position_ratings__lwb_modifier,lwb,position_ratings
1177,position_ratings__ldm_base,ldm,position_ratings
1178,position_ratings__ldm_modifier,ldm,position_ratings
1179,position_ratings__cdm_base,cdm,position_ratings
1180,position_ratings__cdm_modifier,cdm,position_ratings
1181,position_ratings__rdm_base,rdm,position_ratings
1182,position_ratings__rdm_modifier,rdm,position_ratings
1183,position_ratings__rwb_base,rwb,position_ratings
1184,position_ratings__rwb_modifier,rwb,position_ratings
1185,position_ratings__lb_base,lb,position_ratings
1186,position_ratings__lb_modifier,lb,position_ratings
1187,position_ratings__lcb_base,lcb,position_ratings
1188,position_ratings__lcb_modifier,lcb,position_ratings
1189,position_ratings__cb_base,cb,position_ratings
1190,position_ratings__cb_modifier,cb,position_ratings
1191,position_ratings__rcb_base,rcb,position_ratings
1192,position_ratings__rcb_modifier,rcb,position_ratings
1193,position_ratings__rb_base,rb,position_ratings
1194,position_ratings__rb_modifier,rb,position_ratings
1195,position_ratings__gk_base,gk,position_ratings
1196,position_ratings__gk_modifier,gk,position_ratings
