model,fold,n_positive,within_threshold,median_abs_pct_error,n_zero,zero_pred_max_eur
set_a,1,2919,0.621103,0.150767,26,886734.340000
set_b_top31,1,2919,0.543679,0.183213,26,7399622.330000
set_b_top31_log_ranked,1,2919,0.565605,0.173116,26,3631616.490000
set_c,1,2919,0.865707,0.088829,26,8.020000
set_c_minus_nonlinear,1,2919,0.713601,0.124775,26,7.430000
set_c_minus_interaction,1,2919,0.858856,0.089894,26,7.020000
set_c_minus_domain_rules,1,2919,0.650223,0.141581,26,3584477.950000
set_c_minus_overall,1,2919,0.635149,0.144380,26,9.060000
set_c_minus_reputation,1,2919,0.857485,0.090252,26,6.860000
set_c_plus_aggregates,1,2919,0.864680,0.089098,26,8.000000
set_a,2,2928,0.623634,0.156500,17,8575774.690000
set_b_top31,2,2928,0.539959,0.184350,17,24371803.630000
set_b_top31_log_ranked,2,2928,0.561475,0.176373,17,24998251.440000
set_c,2,2928,0.856216,0.093065,17,67.890000
set_c_minus_nonlinear,2,2928,0.709016,0.124459,17,47.540000
set_c_minus_interaction,2,2928,0.850410,0.091865,17,71.020000
set_c_minus_domain_rules,2,2928,0.595287,0.161866,17,1275960.770000
set_c_minus_overall,2,2928,0.609290,0.153309,17,67.020000
set_c_minus_reputation,2,2928,0.848019,0.093347,17,71.860000
set_c_plus_aggregates,2,2928,0.855874,0.093370,17,67.740000
set_a,3,2926,0.610390,0.152929,19,425512.930000
set_b_top31,3,2926,0.542720,0.182921,19,2216719.330000
set_b_top31_log_ranked,3,2926,0.575871,0.167799,19,2284259.670000
set_c,3,2926,0.861244,0.089737,19,3.360000
set_c_minus_nonlinear,3,2926,0.720779,0.117902,19,3.120000
set_c_minus_interaction,3,2926,0.858852,0.090776,19,3.330000
set_c_minus_domain_rules,3,2926,0.608339,0.154728,19,987714.290000
set_c_minus_overall,3,2926,0.626111,0.145395,19,2.250000
set_c_minus_reputation,3,2926,0.852016,0.091685,19,3.440000
set_c_plus_aggregates,3,2926,0.860902,0.090105,19,3.350000
set_a,4,2928,0.625683,0.149316,17,382806.840000
set_b_top31,4,2928,0.550546,0.182073,17,1773582.340000
set_b_top31_log_ranked,4,2928,0.571721,0.172619,17,1663067.340000
set_c,4,2928,0.866462,0.088020,17,4.690000
set_c_minus_nonlinear,4,2928,0.726434,0.118369,17,4.020000
set_c_minus_interaction,4,2928,0.852117,0.089763,17,4.660000
set_c_minus_domain_rules,4,2928,0.600410,0.156426,17,1053081.090000
set_c_minus_overall,4,2928,0.615437,0.149874,17,3.250000
set_c_minus_reputation,4,2928,0.853825,0.090151,17,4.790000
set_c_plus_aggregates,4,2928,0.866803,0.088863,17,4.680000
set_a,5,2930,0.599659,0.156029,14,217865.750000
set_b_top31,5,2930,0.540273,0.184637,14,1129537.630000
set_b_top31_log_ranked,5,2930,0.567918,0.171454,14,1035670.320000
set_c,5,2930,0.861433,0.090324,14,6.780000
set_c_minus_nonlinear,5,2930,0.740614,0.119195,14,4.760000
set_c_minus_interaction,5,2930,0.854266,0.091286,14,6.560000
set_c_minus_domain_rules,5,2930,0.579522,0.166591,14,1154764.630000
set_c_minus_overall,5,2930,0.622184,0.144430,14,4.230000
set_c_minus_reputation,5,2930,0.849147,0.091624,14,6.730000
set_c_plus_aggregates,5,2930,0.863140,0.090209,14,6.750000
