model,within_threshold_mean,within_threshold_std,median_abs_pct_error_mean,median_abs_pct_error_std,n_positive,n_zero,zero_pred_max_eur,delta_within_vs_set_c_mean,delta_within_vs_set_c_std,folds_set_c_better,paired_t_p_vs_set_c
set_a,0.616094,0.010915,0.153108,0.003160,14631,93,8575774.690000,-0.246119,0.010973,5,0.000001
set_b_top31,0.543436,0.004279,0.183439,0.001055,14631,93,24371803.630000,-0.318777,0.002777,5,0.000000
set_b_top31_log_ranked,0.568518,0.005540,0.172272,0.003095,14631,93,24998251.440000,-0.293694,0.005304,5,0.000000
set_c,0.862212,0.004116,0.089995,0.001927,14631,93,67.890000,0.000000,0.000000,0,
set_c_minus_nonlinear,0.722089,0.012316,0.120940,0.003390,14631,93,47.540000,-0.140124,0.011900,5,0.000012
set_c_minus_interaction,0.854900,0.003859,0.090717,0.000899,14631,93,71.020000,-0.007312,0.004363,5,0.019994
set_c_minus_domain_rules,0.606756,0.026483,0.156238,0.009434,14631,93,3584477.950000,-0.255456,0.024730,5,0.000021
set_c_minus_overall,0.621634,0.009922,0.147477,0.003967,14631,93,67.020000,-0.240578,0.008385,5,0.000000
set_c_minus_reputation,0.852099,0.003787,0.091412,0.001304,14631,93,71.860000,-0.010114,0.002187,5,0.000493
set_c_plus_aggregates,0.862280,0.004180,0.090329,0.001801,14631,93,67.740000,0.000067,0.001036,3,0.891414
