threshold,decided,model,within_threshold_mean,within_threshold_std,rank
0.100000,False,trivial_mean,0.037795,0.002319,4
0.100000,False,simple_ols_overall,0.130680,0.005843,3
0.100000,False,strong_random_forest,0.923520,0.003287,1
0.100000,False,ours_ols,0.546103,0.008627,2
0.200000,True,trivial_mean,0.073884,0.003158,4
0.200000,True,simple_ols_overall,0.262792,0.008869,3
0.200000,True,strong_random_forest,0.978199,0.003685,1
0.200000,True,ours_ols,0.862212,0.004116,2
0.300000,False,trivial_mean,0.105596,0.006381,4
0.300000,False,simple_ols_overall,0.401613,0.007906,3
0.300000,False,strong_random_forest,0.990158,0.002408,1
0.300000,False,ours_ols,0.958036,0.002733,2
0.500000,False,trivial_mean,0.167792,0.008448,4
0.500000,False,simple_ols_overall,0.773911,0.009760,3
0.500000,False,strong_random_forest,0.996583,0.000870,1
0.500000,False,ours_ols,0.987152,0.002955,2
