model,target,fold,train_rows,validation_rows,feature_count,rmsle,rmsle_positive,rmse_eur,mae_eur,medae_eur,r2_eur,fit_seconds,feature_set
trivial_mean,raw,1,11779,2945,1177,2.115124,1.594509,7933266.073629,3309640.570860,2138052.803039,-0.000261,0.000356,A
trivial_mean,raw,2,11779,2945,1177,1.985669,1.636942,7394917.687719,3290546.519800,2185477.287461,-0.000005,0.000211,A
trivial_mean,raw,3,11779,2945,1181,2.007867,1.617892,8445315.365143,3169654.509694,2185256.131590,-0.000163,0.000227,A
trivial_mean,raw,4,11779,2945,1172,1.957999,1.603443,8049815.412631,3276279.778589,2140192.968164,-0.000213,0.000201,A
trivial_mean,raw,5,11780,2944,1175,1.942700,1.652867,7903504.184212,3191941.308741,2194425.889134,-0.000379,0.000209,A
simple_ols_overall,log1p,1,11779,2945,1,1.494403,0.590699,5697472.518539,1588647.140485,303346.682073,0.484090,0.002885,A
simple_ols_overall,log1p,2,11779,2945,1,1.249558,0.590763,5369477.768765,1557110.068538,276202.980486,0.472771,0.002347,A
simple_ols_overall,log1p,3,11779,2945,1,1.330882,0.602901,6227503.716918,1473687.259030,294423.584532,0.456165,0.002260,A
simple_ols_overall,log1p,4,11779,2945,1,1.236910,0.591350,5849514.338933,1571030.693993,299006.307395,0.471846,0.002196,A
simple_ols_overall,log1p,5,11780,2944,1,1.153523,0.605557,5843083.579502,1476938.411284,289070.597295,0.453224,0.002304,A
strong_random_forest,log1p,1,11779,2945,1177,0.265819,0.072888,1390492.156465,186207.247475,17312.607951,0.969271,35.266255,A
strong_random_forest,log1p,2,11779,2945,1177,0.434427,0.108661,866143.423768,154991.026012,16710.142176,0.986281,36.288501,A
strong_random_forest,log1p,3,11779,2945,1181,0.141706,0.090662,1834305.711185,186191.734889,18263.048393,0.952817,35.863810,A
strong_random_forest,log1p,4,11779,2945,1172,0.189384,0.070286,1421979.495434,180469.947643,17764.557643,0.968789,34.631808,A
strong_random_forest,log1p,5,11780,2944,1175,0.312029,0.146638,1415717.053651,162441.422539,16389.299857,0.967902,36.309543,A
ours_ols,log1p,1,11779,2945,31,0.172227,0.152097,1117757.621084,352959.053759,73402.122988,0.980143,0.021756,C
ours_ols,log1p,2,11779,2945,31,0.183591,0.152191,1293813.953515,392213.244816,70086.708937,0.969389,0.014653,C
ours_ols,log1p,3,11779,2945,31,0.170547,0.160357,1186645.533559,352466.554434,68381.933262,0.980254,0.014377,C
ours_ols,log1p,4,11779,2945,31,0.157929,0.152134,1247991.962181,359341.670862,73430.793702,0.975959,0.015261,C
ours_ols,log1p,5,11780,2944,31,0.171151,0.163731,1268430.550746,353373.502156,69916.880934,0.974233,0.014946,C
ours_ridge,log1p,1,11779,2945,31,0.172227,0.152097,1117758.643757,352959.168305,73402.153731,0.980143,0.004415,C
ours_ridge,log1p,2,11779,2945,31,0.183591,0.152191,1293814.755125,392213.329283,70086.997986,0.969389,0.004030,C
ours_ridge,log1p,3,11779,2945,31,0.170547,0.160357,1186646.662758,352466.667518,68381.857797,0.980254,0.004069,C
ours_ridge,log1p,4,11779,2945,31,0.157929,0.152134,1247992.741829,359341.799384,73431.365500,0.975959,0.004029,C
ours_ridge,log1p,5,11780,2944,31,0.171151,0.163731,1268434.017632,353373.854983,69917.014558,0.974233,0.003947,C
ours_lasso,log1p,1,11779,2945,31,0.172227,0.152097,1117806.256688,352963.455980,73404.152158,0.980142,0.155655,C
ours_lasso,log1p,2,11779,2945,31,0.183591,0.152190,1293838.869493,392214.035516,70088.197330,0.969388,0.159986,C
ours_lasso,log1p,3,11779,2945,31,0.170547,0.160356,1186769.122107,352480.390603,68379.657433,0.980250,0.154991,C
ours_lasso,log1p,4,11779,2945,31,0.157929,0.152134,1248067.148391,359348.234736,73401.910203,0.975957,0.157021,C
ours_lasso,log1p,5,11780,2944,31,0.171151,0.163732,1268761.566490,353402.802722,69922.632511,0.974220,0.149091,C
ours_elastic_net,log1p,1,11779,2945,31,0.172227,0.152097,1117798.774243,352962.821212,73403.811053,0.980142,0.157582,C
ours_elastic_net,log1p,2,11779,2945,31,0.183591,0.152190,1293835.667811,392214.061849,70088.604593,0.969388,0.158432,C
ours_elastic_net,log1p,3,11779,2945,31,0.170547,0.160356,1186746.840557,352477.873587,68379.941236,0.980251,0.156708,C
ours_elastic_net,log1p,4,11779,2945,31,0.157929,0.152134,1248053.806556,359347.206634,73408.718082,0.975957,0.157837,C
ours_elastic_net,log1p,5,11780,2944,31,0.171151,0.163731,1268703.309097,353397.740199,69921.779468,0.974222,0.150064,C
