config_id,params,rmsle_mean,rmsle_std,rmsle_positive_mean,rmsle_positive_std,rmse_eur_mean,rmse_eur_std,mae_eur_mean,mae_eur_std,medae_eur_mean,medae_eur_std,r2_eur_mean,r2_eur_std,fit_seconds_mean,fit_seconds_std,variant
0,{},0.171089,0.009098,0.156102,0.005554,1222927.924217,70888.519350,362070.805205,17080.131495,71043.687965,2265.553498,0.975996,0.004530,0.015479,0.001678,ols
0,"{""alpha"": 0.001}",0.171089,0.009098,0.156102,0.005554,1222929.364220,70888.821212,362070.963895,17080.087539,71043.877914,2265.687154,0.975996,0.004530,0.003912,0.000273,ridge
1,"{""alpha"": 0.00316}",0.171089,0.009098,0.156102,0.005554,1222932.474713,70889.473238,362071.306662,17079.992595,71044.288197,2265.975914,0.975996,0.004530,0.003797,0.000215,ridge
2,"{""alpha"": 0.01}",0.171089,0.009098,0.156102,0.005554,1222942.325387,70891.538027,362072.392071,17079.691959,71045.587354,2266.890881,0.975995,0.004530,0.003770,0.000175,ridge
3,"{""alpha"": 0.0316}",0.171090,0.009098,0.156102,0.005554,1222973.440547,70898.058825,362075.819470,17078.742789,71049.689233,2269.785823,0.975994,0.004531,0.003865,0.000231,ridge
4,"{""alpha"": 0.1}",0.171091,0.009098,0.156102,0.005554,1223072.049682,70918.712091,362086.670820,17075.739153,71056.382257,2282.954779,0.975990,0.004531,0.003859,0.000068,ridge
5,"{""alpha"": 0.316}",0.171096,0.009098,0.156104,0.005554,1223384.221607,70983.972343,362120.924613,17066.270698,71026.137436,2248.702171,0.975978,0.004534,0.003730,0.000172,ridge
6,"{""alpha"": 1.0}",0.171111,0.009099,0.156108,0.005553,1224380.476031,71190.986997,362229.432995,17036.542178,71113.684914,2274.632900,0.975939,0.004541,0.003859,0.000141,ridge
7,"{""alpha"": 3.16}",0.171162,0.009103,0.156125,0.005550,1227601.829033,71847.178026,362580.397927,16941.189709,71164.347385,2159.072064,0.975812,0.004563,0.004040,0.000213,ridge
8,"{""alpha"": 10.0}",0.171340,0.009112,0.156196,0.005539,1238506.586963,73922.646191,363742.745892,16632.472569,71106.375720,2004.783195,0.975382,0.004634,0.004060,0.000165,ridge
9,"{""alpha"": 31.6}",0.172052,0.009133,0.156577,0.005503,1278535.113978,80153.251772,368119.964295,15400.260248,71465.526659,1408.264939,0.973783,0.004844,0.003912,0.000057,ridge
10,"{""alpha"": 100.0}",0.175134,0.009168,0.158630,0.005373,1397250.450415,112544.862467,383857.389237,14420.999351,72081.940595,1788.756827,0.968621,0.006655,0.003811,0.000219,ridge
11,"{""alpha"": 316.0}",0.186804,0.009314,0.166775,0.005123,1659070.487898,171542.656431,426344.039604,17113.168770,74112.567691,2474.515344,0.955601,0.011118,0.004063,0.000083,ridge
12,"{""alpha"": 1000.0}",0.226631,0.010494,0.192411,0.005788,2023403.795505,192804.598519,517760.574938,22594.365939,80587.793926,1856.785558,0.933835,0.016848,0.004072,0.000166,ridge
13,"{""alpha"": 3160.0}",0.361445,0.018767,0.269650,0.009509,2509304.924212,168221.116111,721604.559055,35552.228892,110463.348392,3237.264259,0.898530,0.023210,0.004042,0.000174,ridge
14,"{""alpha"": 10000.0}",0.658058,0.045190,0.434206,0.012419,3769789.482791,226650.627543,1138385.586174,71754.274371,174699.507860,4932.781891,0.771907,0.039967,0.004045,0.000139,ridge
0,"{""alpha"": 1e-06}",0.171089,0.009098,0.156102,0.005554,1223048.592634,70920.759771,362081.783911,17073.958607,71039.309927,2258.301013,0.975991,0.004531,0.144714,0.002426,lasso
1,"{""alpha"": 3.16e-06}",0.171090,0.009098,0.156102,0.005555,1223317.495079,70987.948075,362106.516798,17060.101765,71027.270751,2246.893147,0.975981,0.004531,0.132005,0.005775,lasso
2,"{""alpha"": 1e-05}",0.171092,0.009098,0.156103,0.005556,1224219.413447,71233.260400,362191.346895,17023.879269,71030.373023,2258.697258,0.975946,0.004535,0.108170,0.007721,lasso
3,"{""alpha"": 3.16e-05}",0.171098,0.009097,0.156106,0.005557,1227132.217013,71933.723943,362477.360212,16928.292210,71003.570151,2216.678009,0.975833,0.004548,0.069427,0.014179,lasso
4,"{""alpha"": 0.0001}",0.171123,0.009105,0.156122,0.005567,1237399.312314,75043.668594,363395.932048,16750.989768,71092.049850,2180.306961,0.975429,0.004625,0.051627,0.009103,lasso
5,"{""alpha"": 0.000316}",0.171221,0.009119,0.156189,0.005593,1275792.099872,86801.463026,366702.505395,15788.467072,71223.667230,1845.215903,0.973901,0.004870,0.046967,0.006493,lasso
6,"{""alpha"": 0.001}",0.171634,0.009130,0.156501,0.005677,1423590.725667,143686.151989,379996.758090,15012.933851,71039.075701,2064.312309,0.967418,0.007574,0.030497,0.003309,lasso
7,"{""alpha"": 0.00316}",0.174249,0.009175,0.158860,0.006009,1926499.875714,289168.194682,431697.674834,25084.915640,70413.860028,1938.315221,0.939438,0.019991,0.027113,0.000299,lasso
8,"{""alpha"": 0.01}",0.180809,0.009843,0.163967,0.006033,2076387.846243,301522.455112,464654.750456,28289.600728,70158.863741,2146.923303,0.929263,0.025240,0.024719,0.000337,lasso
9,"{""alpha"": 0.0316}",0.208688,0.011286,0.186545,0.005638,1896208.320656,178302.023502,522263.088113,26984.121374,76393.823672,3379.954113,0.942252,0.013137,0.026444,0.000854,lasso
10,"{""alpha"": 0.1}",0.304683,0.018033,0.257188,0.004977,3915117.057825,178361.783013,934573.235366,50701.350048,84547.122047,2890.790598,0.757046,0.006325,0.007690,0.000604,lasso
2,"{""alpha"": 1e-06, ""l1_ratio"": 0.8}",0.171089,0.009098,0.156102,0.005554,1223027.679653,70915.025134,362079.940696,17075.093404,71040.570886,2259.972866,0.975992,0.004531,0.150275,0.005839,elastic_net
1,"{""alpha"": 1e-06, ""l1_ratio"": 0.5}",0.171089,0.009098,0.156102,0.005554,1222996.381724,70906.401010,362077.185612,17076.791373,71042.490345,2262.527874,0.975993,0.004531,0.160097,0.002809,elastic_net
0,"{""alpha"": 1e-06, ""l1_ratio"": 0.2}",0.171089,0.009098,0.156102,0.005554,1222965.231847,70897.830605,362074.447470,17078.499687,71044.437403,2265.134180,0.975994,0.004530,0.167156,0.001918,elastic_net
5,"{""alpha"": 3.16e-06, ""l1_ratio"": 0.8}",0.171090,0.009098,0.156102,0.005554,1223248.770903,70970.765676,362100.365926,17063.877208,71032.199755,2250.712327,0.975983,0.004531,0.140908,0.004841,elastic_net
4,"{""alpha"": 3.16e-06, ""l1_ratio"": 0.5}",0.171090,0.009098,0.156102,0.005554,1223146.090509,70945.157916,362091.173008,17069.548229,71038.861565,2257.919459,0.975987,0.004531,0.141899,0.002988,elastic_net
3,"{""alpha"": 3.16e-06, ""l1_ratio"": 0.2}",0.171090,0.009098,0.156102,0.005554,1223046.822318,70917.879807,362082.434683,17074.928735,71045.979061,2265.102882,0.975991,0.004531,0.157304,0.001760,elastic_net
8,"{""alpha"": 1e-05, ""l1_ratio"": 0.8}",0.171092,0.009098,0.156103,0.005555,1223982.976194,71160.714728,362169.309634,17031.080593,71029.570933,2254.236697,0.975955,0.004534,0.108430,0.005671,elastic_net
7,"{""alpha"": 1e-05, ""l1_ratio"": 0.5}",0.171092,0.009098,0.156103,0.005555,1223637.880898,71062.022072,362137.549132,17045.385073,71025.380702,2249.612044,0.975968,0.004532,0.126506,0.007081,elastic_net
6,"{""alpha"": 1e-05, ""l1_ratio"": 0.2}",0.171092,0.009098,0.156103,0.005554,1223308.962861,70980.341576,362108.160214,17063.417882,71042.872313,2270.367479,0.975981,0.004532,0.137971,0.003745,elastic_net
11,"{""alpha"": 3.16e-05, ""l1_ratio"": 0.8}",0.171097,0.009098,0.156104,0.005557,1226374.837872,71739.480983,362403.670207,16947.833183,70978.610007,2200.451438,0.975862,0.004545,0.079085,0.013230,elastic_net
9,"{""alpha"": 3.16e-05, ""l1_ratio"": 0.2}",0.171097,0.009098,0.156104,0.005555,1224159.804722,71176.167728,362191.672220,17025.921818,71040.757567,2251.723778,0.975948,0.004535,0.118825,0.007753,elastic_net
10,"{""alpha"": 3.16e-05, ""l1_ratio"": 0.5}",0.171097,0.009098,0.156105,0.005557,1225270.305860,71488.082406,362294.008296,16984.301449,71021.082134,2209.454021,0.975905,0.004541,0.093183,0.001574,elastic_net
12,"{""alpha"": 0.0001, ""l1_ratio"": 0.2}",0.171115,0.009099,0.156110,0.005556,1226932.280158,71793.526911,362462.386913,16908.200202,71042.082706,2166.473477,0.975840,0.004546,0.087404,0.011056,elastic_net
13,"{""alpha"": 0.0001, ""l1_ratio"": 0.5}",0.171119,0.009101,0.156116,0.005557,1230812.346473,73003.597008,362833.213637,16883.294015,70942.996154,2162.306194,0.975687,0.004582,0.057330,0.007457,elastic_net
14,"{""alpha"": 0.0001, ""l1_ratio"": 0.8}",0.171121,0.009104,0.156119,0.005563,1234728.364130,74169.575132,363171.669190,16802.028448,70996.160562,2047.041127,0.975534,0.004606,0.050201,0.006119,elastic_net
15,"{""alpha"": 0.000316, ""l1_ratio"": 0.2}",0.171179,0.009104,0.156137,0.005557,1236387.450727,74041.273037,363369.171607,16649.874296,71079.975823,2178.910325,0.975470,0.004600,0.053034,0.004774,elastic_net
16,"{""alpha"": 0.000316, ""l1_ratio"": 0.5}",0.171191,0.009111,0.156153,0.005573,1249901.530101,78576.713021,364454.547090,16429.247350,70926.063307,2091.002563,0.974935,0.004701,0.047664,0.006495,elastic_net
17,"{""alpha"": 0.000316, ""l1_ratio"": 0.8}",0.171208,0.009116,0.156173,0.005586,1264861.987570,83282.885930,365768.430379,16057.861163,71056.926065,1947.379542,0.974340,0.004797,0.047089,0.005682,elastic_net
18,"{""alpha"": 0.001, ""l1_ratio"": 0.2}",0.171409,0.009117,0.156245,0.005571,1271240.779600,84323.310233,366456.200918,15650.635197,71018.837471,1781.108807,0.974084,0.004828,0.038536,0.006611,elastic_net
19,"{""alpha"": 0.001, ""l1_ratio"": 0.5}",0.171470,0.009125,0.156320,0.005603,1320717.986358,104094.297830,370622.445192,14486.659950,71065.192603,1754.983040,0.972016,0.005547,0.035451,0.004893,elastic_net
20,"{""alpha"": 0.001, ""l1_ratio"": 0.8}",0.171556,0.009127,0.156415,0.005643,1377870.591154,127575.049507,375972.068458,14491.366283,70966.989943,1785.328071,0.969500,0.006690,0.031525,0.003714,elastic_net
21,"{""alpha"": 0.00316, ""l1_ratio"": 0.2}",0.172361,0.009150,0.156815,0.005588,1388968.290299,127255.167706,378136.442412,14253.798739,71176.345203,1559.857069,0.969000,0.006851,0.030156,0.000627,elastic_net
22,"{""alpha"": 0.00316, ""l1_ratio"": 0.5}",0.172808,0.009167,0.157295,0.005746,1571130.395617,190999.249372,395468.065231,18183.130498,70661.469852,1544.082065,0.960178,0.010511,0.027089,0.001006,elastic_net
23,"{""alpha"": 0.00316, ""l1_ratio"": 0.8}",0.173561,0.009186,0.158111,0.005906,1780599.790873,250836.877130,416277.158134,22487.328027,70380.609569,1581.762442,0.948484,0.015757,0.028477,0.000688,elastic_net
24,"{""alpha"": 0.01, ""l1_ratio"": 0.2}",0.176852,0.009266,0.160091,0.005628,1747426.300473,219781.449242,418133.520527,19642.525067,70948.486739,1772.042775,0.950641,0.013433,0.025916,0.000983,elastic_net
25,"{""alpha"": 0.01, ""l1_ratio"": 0.5}",0.179379,0.009498,0.162769,0.005766,2203286.268831,336268.299968,467463.650498,27047.876510,70505.499673,1862.821139,0.920067,0.030057,0.025469,0.000699,elastic_net
26,"{""alpha"": 0.01, ""l1_ratio"": 0.8}",0.180178,0.009713,0.163432,0.005934,2123902.533764,312404.967531,465523.870332,27783.406276,70284.887117,1991.373689,0.925908,0.026868,0.024044,0.000486,elastic_net
27,"{""alpha"": 0.0316, ""l1_ratio"": 0.2}",0.192791,0.010037,0.171541,0.005266,2126332.577977,284199.910644,482936.372994,26091.124932,72933.023265,2672.334021,0.926009,0.025260,0.019265,0.000272,elastic_net
28,"{""alpha"": 0.0316, ""l1_ratio"": 0.5}",0.196467,0.010638,0.174718,0.005520,1951377.923199,243777.365304,484108.965116,27394.531816,72280.790625,2876.008035,0.937902,0.020504,0.019482,0.000635,elastic_net
29,"{""alpha"": 0.0316, ""l1_ratio"": 0.8}",0.202674,0.011123,0.180580,0.005676,1875005.770527,185772.234534,501383.228879,25573.158202,74138.538240,2670.591475,0.943212,0.015255,0.023942,0.000354,elastic_net
30,"{""alpha"": 0.1, ""l1_ratio"": 0.2}",0.243063,0.013256,0.201880,0.005181,2005005.151017,135972.648090,566573.179561,27430.135150,76757.932390,1267.751591,0.935608,0.012148,0.011762,0.000166,elastic_net
31,"{""alpha"": 0.1, ""l1_ratio"": 0.5}",0.259369,0.015181,0.215395,0.004965,2466715.020817,78480.823042,687529.919658,41975.765929,74654.985910,1749.006838,0.902950,0.011614,0.012239,0.000226,elastic_net
32,"{""alpha"": 0.1, ""l1_ratio"": 0.8}",0.284144,0.016961,0.238050,0.004868,3310107.183830,97782.289989,838137.470693,46614.636975,78924.981374,1838.270468,0.826035,0.008739,0.010747,0.001693,elastic_net
