feature,group,vif
dribbling,summary_ratings,51.619
passing,summary_ratings,38.035
is_goalkeeper,position,33.365
overall,base,19.830
international_reputation,base,19.085
overall_x_reputation,interaction,18.604
physic,summary_ratings,18.291
shooting,summary_ratings,16.304
potential,base,13.178
age,base,11.865
pace,summary_ratings,11.128
defending,summary_ratings,11.075
skill_moves,base,3.495
height_cm,base,3.187
is_defender,position,3.059
age_sq_centered,nonlinear,2.949
weight_kg,base,2.869
is_forward,position,2.560
overall_sq_centered,nonlinear,2.212
real_face,profile,1.755
top5_league,domain_rules,1.628
in_national_team,profile,1.381
contract_years_left,base,1.377
weak_foot,base,1.186
is_free_agent,domain_rules,1.182
on_loan,profile,1.173
unique_body_type,profile,1.168
club_tenure_years,base,1.142
league_level,base,1.136
age40_outfield,domain_rules,1.101
left_footed,profile,1.092
