model,target,fold,train_rows,validation_rows,feature_count,rmsle,rmsle_positive,rmse_eur,mae_eur,medae_eur,r2_eur,fit_seconds,params
set_a,log1p,1,11779,2945,1175,0.576518,0.261430,3353130.470095,754001.309376,127268.785686,0.821306,1.478643,{}
set_a,log1p,2,11779,2945,1175,0.594434,0.281532,2488242.498904,661518.983830,125680.698753,0.886781,1.171047,{}
set_a,log1p,3,11779,2945,1179,0.386666,0.301261,4296188.019844,775347.750954,126799.711477,0.741175,1.425163,{}
set_a,log1p,4,11779,2945,1170,0.481537,0.274863,4833967.341834,830043.781241,124896.120597,0.639315,1.599992,{}
set_a,log1p,5,11780,2944,1173,0.496775,0.280715,4147135.835734,787980.333428,124347.426272,0.724563,1.579587,{}
set_b_top31,log1p,1,11779,2945,31,1.319914,0.443440,5684368.379799,1314833.831855,164282.654626,0.486461,0.036466,{}
set_b_top31,log1p,2,11779,2945,31,1.128826,0.508382,6897410.988537,1506071.888979,156498.843981,0.130023,0.031806,{}
set_b_top31,log1p,3,11779,2945,31,1.152876,0.472026,5747352.910726,1225681.243076,155854.741884,0.536793,0.030819,{}
set_b_top31,log1p,4,11779,2945,31,1.099582,0.535306,7226638.396102,1593793.262813,161423.692187,0.193892,0.031384,{}
set_b_top31,log1p,5,11780,2944,31,1.015954,0.515267,6801613.537279,1380710.006313,149214.201116,0.259118,0.028505,{}
set_b_top31_log_ranked,log1p,1,11779,2945,31,0.688493,0.371979,3662019.880985,981113.259296,142712.765339,0.786867,0.022310,{}
set_b_top31_log_ranked,log1p,2,11779,2945,31,0.701894,0.356841,3433739.618054,961080.687028,135678.286212,0.784389,0.021519,{}
set_b_top31_log_ranked,log1p,3,11779,2945,31,0.466033,0.377570,3363780.928185,861564.269871,141657.912979,0.841330,0.021709,{}
set_b_top31_log_ranked,log1p,4,11779,2945,31,0.572502,0.359472,3505646.373165,942821.823169,145238.050893,0.810305,0.022530,{}
set_b_top31_log_ranked,log1p,5,11780,2944,31,0.637893,0.373136,3636059.943511,901783.966033,138560.071322,0.788268,0.022791,{}
set_c,log1p,1,11779,2945,31,0.172227,0.152097,1117757.621084,352959.053759,73402.122988,0.980143,0.010499,{}
set_c,log1p,2,11779,2945,31,0.183591,0.152191,1293813.953515,392213.244816,70086.708937,0.969389,0.009966,{}
set_c,log1p,3,11779,2945,31,0.170547,0.160357,1186645.533559,352466.554434,68381.933262,0.980254,0.010184,{}
set_c,log1p,4,11779,2945,31,0.157929,0.152134,1247991.962181,359341.670862,73430.793702,0.975959,0.009662,{}
set_c,log1p,5,11780,2944,31,0.171151,0.163731,1268430.550746,353373.502156,69916.880934,0.974233,0.009882,{}
set_c_minus_nonlinear,log1p,1,11779,2945,29,0.232716,0.221319,1781786.100387,541644.729224,103869.818380,0.949543,0.009003,{}
set_c_minus_nonlinear,log1p,2,11779,2945,29,0.236476,0.216325,1651282.879683,542995.012617,99145.578374,0.950137,0.009173,{}
set_c_minus_nonlinear,log1p,3,11779,2945,29,0.226204,0.220431,1981377.724420,515028.009240,97355.050684,0.944948,0.008933,{}
set_c_minus_nonlinear,log1p,4,11779,2945,29,0.217483,0.214277,1794689.515014,522738.000462,100941.807690,0.950284,0.008888,{}
set_c_minus_nonlinear,log1p,5,11780,2944,29,0.228891,0.225260,2012780.936542,519249.463222,93870.697539,0.935119,0.008685,{}
set_c_minus_interaction,log1p,1,11779,2945,30,0.174032,0.155871,2070895.703131,447921.840562,73980.241662,0.931841,0.009842,{}
set_c_minus_interaction,log1p,2,11779,2945,30,0.185998,0.155792,2688625.168972,502512.226512,70318.481349,0.867811,0.009680,{}
set_c_minus_interaction,log1p,3,11779,2945,30,0.172841,0.163113,2162957.011602,453564.483087,69688.633413,0.934395,0.009562,{}
set_c_minus_interaction,log1p,4,11779,2945,30,0.161814,0.156181,2226003.410975,462419.373298,72979.486458,0.923516,0.009401,{}
set_c_minus_interaction,log1p,5,11780,2944,30,0.175416,0.168354,2808402.102972,490632.242568,70043.436410,0.873688,0.009045,{}
set_c_minus_domain_rules,log1p,1,11779,2945,28,1.200670,0.366844,6020780.256463,1217286.157344,117777.886966,0.423878,0.008821,{}
set_c_minus_domain_rules,log1p,2,11779,2945,28,1.013811,0.437033,6569820.219369,1313686.696842,129887.251396,0.210700,0.008534,{}
set_c_minus_domain_rules,log1p,3,11779,2945,28,1.071621,0.410254,6317230.906973,1122603.401566,121246.641689,0.440381,0.008397,{}
set_c_minus_domain_rules,log1p,4,11779,2945,28,1.001736,0.465423,5920923.840052,1336295.886995,125323.183351,0.458873,0.008550,{}
set_c_minus_domain_rules,log1p,5,11780,2944,28,0.915416,0.455793,6451279.329065,1203956.946432,128600.772711,0.333475,0.008544,{}
set_c_minus_overall,log1p,1,11779,2945,28,0.285179,0.276352,2533695.145480,710871.080675,122637.810186,0.897972,0.008777,{}
set_c_minus_overall,log1p,2,11779,2945,28,0.290830,0.273691,2429343.009246,687607.077263,122480.111149,0.892077,0.008274,{}
set_c_minus_overall,log1p,3,11779,2945,28,0.277988,0.274588,2600848.395098,637434.645909,117874.300646,0.905143,0.008562,{}
set_c_minus_overall,log1p,4,11779,2945,28,0.280691,0.278998,2383658.479468,668454.376175,130775.381077,0.912298,0.008591,{}
set_c_minus_overall,log1p,5,11780,2944,28,0.282634,0.279508,2476331.205805,632428.031943,118265.377513,0.901793,0.008320,{}
set_c_minus_reputation,log1p,1,11779,2945,29,0.174505,0.156055,1776567.748618,419330.946106,73631.305688,0.949838,0.009351,{}
set_c_minus_reputation,log1p,2,11779,2945,29,0.186394,0.156350,2489238.805612,486029.962555,70400.961271,0.886690,0.009245,{}
set_c_minus_reputation,log1p,3,11779,2945,29,0.173533,0.163646,2028932.529286,440182.506010,69714.990917,0.942274,0.009279,{}
set_c_minus_reputation,log1p,4,11779,2945,29,0.162232,0.156483,2045881.994892,447004.947998,72820.960388,0.935393,0.009437,{}
set_c_minus_reputation,log1p,5,11780,2944,29,0.175839,0.168651,2575717.060626,466061.056410,70563.767418,0.893752,0.009042,{}
set_c_plus_aggregates,log1p,1,11779,2945,33,0.172213,0.152124,1117440.935294,353037.906231,73301.702674,0.980155,0.011541,{}
set_c_plus_aggregates,log1p,2,11779,2945,33,0.183551,0.152168,1294080.415250,392030.793625,70154.392782,0.969376,0.011382,{}
set_c_plus_aggregates,log1p,3,11779,2945,33,0.170540,0.160356,1180475.463736,351890.029084,68373.242488,0.980459,0.011432,{}
set_c_plus_aggregates,log1p,4,11779,2945,33,0.157992,0.152217,1251929.952242,359903.158113,73747.846317,0.975808,0.011259,{}
set_c_plus_aggregates,log1p,5,11780,2944,33,0.171196,0.163809,1260105.352650,352658.646133,70465.822913,0.974570,0.011251,{}
