config_id,params,rmsle_mean,rmsle_std,rmsle_positive_mean,rmsle_positive_std,rmse_eur_mean,rmse_eur_std,mae_eur_mean,mae_eur_std,medae_eur_mean,medae_eur_std,r2_eur_mean,r2_eur_std,fit_seconds_mean,fit_seconds_std,feature_set
0,{},0.507186,0.083232,0.279960,0.014371,3823732.833282,915611.569530,761778.431766,62536.518423,125798.548557,1234.700884,0.762628,0.094832,1.467764,0.153179,set_a
0,{},1.143430,0.111380,0.494884,0.036744,6471476.842488,707914.950164,1404218.046607,147250.232450,157454.826759,5782.586183,0.321258,0.180556,0.032190,0.004367,set_b_top31
0,{},0.613363,0.096773,0.367800,0.009095,3520249.348780,128150.814184,929672.801080,48015.705677,140769.417349,3719.393021,0.802232,0.024204,0.021451,0.000217,set_b_top31_log_ranked
0,{},0.171089,0.009098,0.156102,0.005554,1222927.924217,70888.519350,362070.805205,17080.131495,71043.687965,2265.553498,0.975996,0.004530,0.010604,0.000844,set_c
0,{},0.228354,0.007212,0.219523,0.004322,1844383.431209,150665.930379,528331.042953,13067.269886,99036.590533,3758.851183,0.946006,0.006472,0.009087,0.000119,set_c_minus_nonlinear
0,{},0.174020,0.008599,0.159862,0.005673,2391376.679531,333353.711227,471410.033206,23915.635991,71402.055858,1942.364946,0.906250,0.032722,0.009615,0.000150,set_c_minus_interaction
0,{},1.040651,0.105456,0.427069,0.039702,6256006.910384,277475.553378,1238765.817836,87022.975125,124567.147223,5056.309065,0.373461,0.102963,0.008731,0.000196,set_c_minus_domain_rules
0,{},0.283464,0.004888,0.276627,0.002587,2484775.247019,85490.887916,667359.042393,33242.010858,122406.596114,5191.021573,0.901857,0.007592,0.008776,0.000271,set_c_minus_overall
0,{},0.174501,0.008583,0.160237,0.005681,2183267.627807,337540.310728,451721.883816,25432.438473,71426.397136,1697.865452,0.921589,0.029194,0.009151,0.000302,set_c_minus_reputation
0,{},0.171098,0.009061,0.156135,0.005565,1220806.423835,71051.333922,361904.106637,17146.361587,71208.601435,2265.566902,0.976074,0.004557,0.011313,0.000310,set_c_plus_aggregates
