feature_set,fold,rank,output_feature,transformer,pearson_r,collinear_with
set_b_top31,1,1,numeric__international_reputation,numeric,0.713477,
set_b_top31,1,2,player_traits__player_traits____RARE__,player_traits,0.555182,
set_b_top31,1,3,numeric__overall,numeric,0.537854,
set_b_top31,1,4,numeric__potential,numeric,0.497513,
set_b_top31,1,5,player_tags__player_tags__Dribbler,player_tags,0.492587,
set_b_top31,1,6,numeric__movement_reactions,numeric,0.490816,
set_b_top31,1,7,position_ratings__gk_modifier,position_ratings,0.446410,
set_b_top31,1,8,categorical__real_face_No,categorical,-0.433612,
set_b_top31,1,9,categorical__real_face_Yes,categorical,0.433612,categorical__real_face_No
set_b_top31,1,10,numeric__mentality_composure,numeric,0.381028,
set_b_top31,1,11,national_team__nation_team_id___NOT_SELECTED__,national_team,-0.374149,
set_b_top31,1,12,national_team__nation_position___NOT_SELECTED__,national_team,-0.374149,national_team__nation_team_id___NOT_SELECTED__
set_b_top31,1,13,national_team__nation_jersey_number___NOT_SELECTED__,national_team,-0.374149,national_team__nation_team_id___NOT_SELECTED__
set_b_top31,1,14,position_ratings__lb_modifier,position_ratings,0.370401,
set_b_top31,1,15,position_ratings__rb_modifier,position_ratings,0.370401,position_ratings__lb_modifier
set_b_top31,1,16,player_tags__player_tags__Clinical finisher,player_tags,0.353651,
set_b_top31,1,17,player_tags__player_tags__Complete forward,player_tags,0.347333,
set_b_top31,1,18,numeric__mentality_vision,numeric,0.339807,
set_b_top31,1,19,player_tags__player_tags__Playmaker,player_tags,0.319465,
set_b_top31,1,20,position_ratings__lcm_base,position_ratings,0.317478,
set_b_top31,1,21,position_ratings__cm_base,position_ratings,0.317478,position_ratings__lcm_base
set_b_top31,1,22,position_ratings__rcm_base,position_ratings,0.317478,position_ratings__lcm_base
set_b_top31,1,23,categorical__league_id_13,categorical,0.316014,
set_b_top31,1,24,player_tags__player_tags____MISSING__,player_tags,-0.314878,
set_b_top31,1,25,position_ratings__lwb_modifier,position_ratings,0.313450,
set_b_top31,1,26,position_ratings__rwb_modifier,position_ratings,0.313450,position_ratings__lwb_modifier
set_b_top31,1,27,player_tags__player_tags__Distance shooter,player_tags,0.312322,
set_b_top31,1,28,numeric__power_shot_power,numeric,0.309375,
set_b_top31,1,29,numeric__attacking_short_passing,numeric,0.309112,
set_b_top31,1,30,player_tags__player_tags__Complete midfielder,player_tags,0.307027,
set_b_top31,1,31,position_ratings__lam_base,position_ratings,0.305519,
set_b_top31,2,1,numeric__international_reputation,numeric,0.724263,
set_b_top31,2,2,player_traits__player_traits____RARE__,player_traits,0.546156,
set_b_top31,2,3,numeric__overall,numeric,0.536165,
set_b_top31,2,4,numeric__potential,numeric,0.493708,
set_b_top31,2,5,numeric__movement_reactions,numeric,0.490609,
set_b_top31,2,6,player_tags__player_tags__Dribbler,player_tags,0.489805,
set_b_top31,2,7,position_ratings__gk_modifier,position_ratings,0.455809,
set_b_top31,2,8,categorical__real_face_No,categorical,-0.421069,
set_b_top31,2,9,categorical__real_face_Yes,categorical,0.421069,categorical__real_face_No
set_b_top31,2,10,player_tags__player_tags__Clinical finisher,player_tags,0.394110,
set_b_top31,2,11,player_tags__player_tags__Complete forward,player_tags,0.385381,
set_b_top31,2,12,numeric__mentality_composure,numeric,0.380211,
set_b_top31,2,13,national_team__nation_team_id___NOT_SELECTED__,national_team,-0.373094,
set_b_top31,2,14,national_team__nation_position___NOT_SELECTED__,national_team,-0.373094,national_team__nation_team_id___NOT_SELECTED__
set_b_top31,2,15,national_team__nation_jersey_number___NOT_SELECTED__,national_team,-0.373094,national_team__nation_team_id___NOT_SELECTED__
set_b_top31,2,16,position_ratings__lb_modifier,position_ratings,0.372487,
set_b_top31,2,17,position_ratings__rb_modifier,position_ratings,0.372487,position_ratings__lb_modifier
set_b_top31,2,18,numeric__mentality_vision,numeric,0.341707,
set_b_top31,2,19,player_tags__player_tags__Playmaker,player_tags,0.331207,
set_b_top31,2,20,categorical__league_id_13,categorical,0.320619,
set_b_top31,2,21,player_tags__player_tags____MISSING__,player_tags,-0.318950,
set_b_top31,2,22,position_ratings__lcm_base,position_ratings,0.318343,
set_b_top31,2,23,position_ratings__cm_base,position_ratings,0.318343,position_ratings__lcm_base
set_b_top31,2,24,position_ratings__rcm_base,position_ratings,0.318343,position_ratings__lcm_base
set_b_top31,2,25,position_ratings__lwb_modifier,position_ratings,0.317449,
set_b_top31,2,26,position_ratings__rwb_modifier,position_ratings,0.317449,position_ratings__lwb_modifier
set_b_top31,2,27,player_tags__player_tags__Complete midfielder,player_tags,0.315790,
set_b_top31,2,28,numeric__attacking_short_passing,numeric,0.310950,
set_b_top31,2,29,numeric__power_shot_power,numeric,0.307638,
set_b_top31,2,30,position_ratings__cam_base,position_ratings,0.306460,
set_b_top31,2,31,position_ratings__ram_base,position_ratings,0.306460,position_ratings__cam_base
set_b_top31,3,1,numeric__international_reputation,numeric,0.721560,
set_b_top31,3,2,numeric__overall,numeric,0.554808,
set_b_top31,3,3,player_traits__player_traits____RARE__,player_traits,0.536107,
set_b_top31,3,4,numeric__potential,numeric,0.509107,
set_b_top31,3,5,numeric__movement_reactions,numeric,0.508815,
set_b_top31,3,6,position_ratings__gk_modifier,position_ratings,0.461921,
set_b_top31,3,7,categorical__real_face_No,categorical,-0.442941,
set_b_top31,3,8,categorical__real_face_Yes,categorical,0.442941,categorical__real_face_No
set_b_top31,3,9,player_tags__player_tags__Dribbler,player_tags,0.431527,
set_b_top31,3,10,numeric__mentality_composure,numeric,0.393066,
set_b_top31,3,11,position_ratings__lb_modifier,position_ratings,0.388591,
set_b_top31,3,12,position_ratings__rb_modifier,position_ratings,0.388591,position_ratings__lb_modifier
set_b_top31,3,13,national_team__nation_team_id___NOT_SELECTED__,national_team,-0.374911,
set_b_top31,3,14,national_team__nation_position___NOT_SELECTED__,national_team,-0.374911,national_team__nation_team_id___NOT_SELECTED__
set_b_top31,3,15,national_team__nation_jersey_number___NOT_SELECTED__,national_team,-0.374911,national_team__nation_team_id___NOT_SELECTED__
set_b_top31,3,16,numeric__mentality_vision,numeric,0.356300,
set_b_top31,3,17,player_tags__player_tags__Clinical finisher,player_tags,0.347879,
set_b_top31,3,18,player_tags__player_tags__Complete forward,player_tags,0.335598,
set_b_top31,3,19,position_ratings__lwb_modifier,position_ratings,0.333265,
set_b_top31,3,20,position_ratings__rwb_modifier,position_ratings,0.333265,position_ratings__lwb_modifier
set_b_top31,3,21,categorical__league_id_13,categorical,0.332215,
set_b_top31,3,22,position_ratings__lcm_base,position_ratings,0.329097,
set_b_top31,3,23,position_ratings__cm_base,position_ratings,0.329097,position_ratings__lcm_base
set_b_top31,3,24,position_ratings__rcm_base,position_ratings,0.329097,position_ratings__lcm_base
set_b_top31,3,25,player_tags__player_tags____MISSING__,player_tags,-0.324560,
set_b_top31,3,26,numeric__power_shot_power,numeric,0.319652,
set_b_top31,3,27,numeric__attacking_short_passing,numeric,0.319508,
set_b_top31,3,28,position_ratings__lam_base,position_ratings,0.315098,
set_b_top31,3,29,position_ratings__cam_base,position_ratings,0.315098,position_ratings__lam_base
set_b_top31,3,30,position_ratings__ram_base,position_ratings,0.315098,position_ratings__lam_base
set_b_top31,3,31,player_tags__player_tags__Playmaker,player_tags,0.310185,
set_b_top31,4,1,numeric__international_reputation,numeric,0.720570,
set_b_top31,4,2,player_traits__player_traits____RARE__,player_traits,0.543498,
set_b_top31,4,3,numeric__overall,numeric,0.539379,
set_b_top31,4,4,numeric__potential,numeric,0.499699,
set_b_top31,4,5,numeric__movement_reactions,numeric,0.493545,
set_b_top31,4,6,player_tags__player_tags__Dribbler,player_tags,0.481946,
set_b_top31,4,7,position_ratings__gk_modifier,position_ratings,0.455327,
set_b_top31,4,8,categorical__real_face_No,categorical,-0.430995,
set_b_top31,4,9,categorical__real_face_Yes,categorical,0.430995,categorical__real_face_No
set_b_top31,4,10,numeric__mentality_composure,numeric,0.383151,
set_b_top31,4,11,player_tags__player_tags__Playmaker,player_tags,0.380201,
set_b_top31,4,12,position_ratings__lb_modifier,position_ratings,0.372267,
set_b_top31,4,13,position_ratings__rb_modifier,position_ratings,0.372267,position_ratings__lb_modifier
set_b_top31,4,14,national_team__nation_team_id___NOT_SELECTED__,national_team,-0.371648,
set_b_top31,4,15,national_team__nation_position___NOT_SELECTED__,national_team,-0.371648,national_team__nation_team_id___NOT_SELECTED__
set_b_top31,4,16,national_team__nation_jersey_number___NOT_SELECTED__,national_team,-0.371648,national_team__nation_team_id___NOT_SELECTED__
set_b_top31,4,17,player_tags__player_tags__Complete midfielder,player_tags,0.355082,
set_b_top31,4,18,numeric__mentality_vision,numeric,0.343884,
set_b_top31,4,19,categorical__league_id_13,categorical,0.338037,
set_b_top31,4,20,player_tags__player_tags__Clinical finisher,player_tags,0.334111,
set_b_top31,4,21,player_tags__player_tags____MISSING__,player_tags,-0.326699,
set_b_top31,4,22,position_ratings__lcm_base,position_ratings,0.320419,
set_b_top31,4,23,position_ratings__cm_base,position_ratings,0.320419,position_ratings__lcm_base
set_b_top31,4,24,position_ratings__rcm_base,position_ratings,0.320419,position_ratings__lcm_base
set_b_top31,4,25,position_ratings__lwb_modifier,position_ratings,0.317208,
set_b_top31,4,26,position_ratings__rwb_modifier,position_ratings,0.317208,position_ratings__lwb_modifier
set_b_top31,4,27,numeric__attacking_short_passing,numeric,0.311429,
set_b_top31,4,28,numeric__power_shot_power,numeric,0.309204,
set_b_top31,4,29,position_ratings__lam_base,position_ratings,0.306367,
set_b_top31,4,30,position_ratings__cam_base,position_ratings,0.306367,position_ratings__lam_base
set_b_top31,4,31,position_ratings__ram_base,position_ratings,0.306367,position_ratings__lam_base
set_b_top31,5,1,numeric__international_reputation,numeric,0.725415,
set_b_top31,5,2,numeric__overall,numeric,0.546055,
set_b_top31,5,3,player_traits__player_traits____RARE__,player_traits,0.526652,
set_b_top31,5,4,numeric__potential,numeric,0.503692,
set_b_top31,5,5,numeric__movement_reactions,numeric,0.497491,
set_b_top31,5,6,position_ratings__gk_modifier,position_ratings,0.462355,
set_b_top31,5,7,player_tags__player_tags__Dribbler,player_tags,0.450781,
set_b_top31,5,8,categorical__real_face_No,categorical,-0.437515,
set_b_top31,5,9,categorical__real_face_Yes,categorical,0.437515,categorical__real_face_No
set_b_top31,5,10,position_ratings__lb_modifier,position_ratings,0.383921,
set_b_top31,5,11,position_ratings__rb_modifier,position_ratings,0.383921,position_ratings__lb_modifier
set_b_top31,5,12,numeric__mentality_composure,numeric,0.383493,
set_b_top31,5,13,national_team__nation_team_id___NOT_SELECTED__,national_team,-0.359687,
set_b_top31,5,14,national_team__nation_position___NOT_SELECTED__,national_team,-0.359687,national_team__nation_team_id___NOT_SELECTED__
set_b_top31,5,15,national_team__nation_jersey_number___NOT_SELECTED__,national_team,-0.359687,national_team__nation_team_id___NOT_SELECTED__
set_b_top31,5,16,player_tags__player_tags__Clinical finisher,player_tags,0.344703,
set_b_top31,5,17,numeric__mentality_vision,numeric,0.343076,
set_b_top31,5,18,player_tags__player_tags____RARE__,player_tags,0.342427,
set_b_top31,5,19,position_ratings__lwb_modifier,position_ratings,0.327884,
set_b_top31,5,20,position_ratings__rwb_modifier,position_ratings,0.327884,position_ratings__lwb_modifier
set_b_top31,5,21,categorical__league_id_13,categorical,0.327796,
set_b_top31,5,22,position_ratings__lcm_base,position_ratings,0.318898,
set_b_top31,5,23,position_ratings__cm_base,position_ratings,0.318898,position_ratings__lcm_base
set_b_top31,5,24,position_ratings__rcm_base,position_ratings,0.318898,position_ratings__lcm_base
set_b_top31,5,25,numeric__attacking_short_passing,numeric,0.312098,
set_b_top31,5,26,player_tags__player_tags____MISSING__,player_tags,-0.309408,
set_b_top31,5,27,numeric__power_shot_power,numeric,0.309059,
set_b_top31,5,28,position_ratings__lam_base,position_ratings,0.305417,
set_b_top31,5,29,position_ratings__cam_base,position_ratings,0.305417,position_ratings__lam_base
set_b_top31,5,30,position_ratings__ram_base,position_ratings,0.305417,position_ratings__lam_base
set_b_top31,5,31,numeric__skill_long_passing,numeric,0.302816,
set_b_top31_log_ranked,1,1,numeric__overall,numeric,0.652724,
set_b_top31_log_ranked,1,2,numeric__potential,numeric,0.642404,
set_b_top31_log_ranked,1,3,numeric__movement_reactions,numeric,0.582818,
set_b_top31_log_ranked,1,4,numeric__missingindicator_league_level,numeric,-0.564676,
set_b_top31_log_ranked,1,5,numeric__missingindicator_club_contract_valid_until_year,numeric,-0.564676,numeric__missingindicator_league_level
set_b_top31_log_ranked,1,6,categorical__league_id___MISSING__,categorical,-0.564676,numeric__missingindicator_league_level
set_b_top31_log_ranked,1,7,categorical__club_name___MISSING__,categorical,-0.564676,numeric__missingindicator_league_level
set_b_top31_log_ranked,1,8,categorical__club_position___MISSING__,categorical,-0.564676,numeric__missingindicator_league_level
set_b_top31_log_ranked,1,9,categorical__club_jersey_number___MISSING__,categorical,-0.564676,numeric__missingindicator_league_level
set_b_top31_log_ranked,1,10,numeric__mentality_composure,numeric,0.463837,
set_b_top31_log_ranked,1,11,numeric__attacking_short_passing,numeric,0.424801,
set_b_top31_log_ranked,1,12,position_ratings__lcm_base,position_ratings,0.423068,
set_b_top31_log_ranked,1,13,position_ratings__cm_base,position_ratings,0.423068,position_ratings__lcm_base
set_b_top31_log_ranked,1,14,position_ratings__rcm_base,position_ratings,0.423068,position_ratings__lcm_base
set_b_top31_log_ranked,1,15,position_ratings__lam_base,position_ratings,0.405173,
set_b_top31_log_ranked,1,16,position_ratings__cam_base,position_ratings,0.405173,position_ratings__lam_base
set_b_top31_log_ranked,1,17,position_ratings__ram_base,position_ratings,0.405173,position_ratings__lam_base
set_b_top31_log_ranked,1,18,position_ratings__lm_base,position_ratings,0.396724,
set_b_top31_log_ranked,1,19,position_ratings__rm_base,position_ratings,0.396724,position_ratings__lm_base
set_b_top31_log_ranked,1,20,position_ratings__lf_base,position_ratings,0.394435,
set_b_top31_log_ranked,1,21,position_ratings__cf_base,position_ratings,0.394435,position_ratings__lf_base
set_b_top31_log_ranked,1,22,position_ratings__rf_base,position_ratings,0.394435,position_ratings__lf_base
set_b_top31_log_ranked,1,23,numeric__mentality_vision,numeric,0.394113,
set_b_top31_log_ranked,1,24,numeric__skill_long_passing,numeric,0.392376,
set_b_top31_log_ranked,1,25,numeric__skill_ball_control,numeric,0.387654,
set_b_top31_log_ranked,1,26,position_ratings__ls_base,position_ratings,0.383817,
set_b_top31_log_ranked,1,27,position_ratings__st_base,position_ratings,0.383817,position_ratings__ls_base
set_b_top31_log_ranked,1,28,position_ratings__rs_base,position_ratings,0.383817,position_ratings__ls_base
set_b_top31_log_ranked,1,29,position_ratings__lw_base,position_ratings,0.382515,
set_b_top31_log_ranked,1,30,position_ratings__rw_base,position_ratings,0.382515,position_ratings__lw_base
set_b_top31_log_ranked,1,31,numeric__power_shot_power,numeric,0.378329,
set_b_top31_log_ranked,2,1,numeric__overall,numeric,0.628040,
set_b_top31_log_ranked,2,2,numeric__potential,numeric,0.623905,
set_b_top31_log_ranked,2,3,categorical__league_id___MISSING__,categorical,-0.596073,
set_b_top31_log_ranked,2,4,categorical__club_name___MISSING__,categorical,-0.596073,categorical__league_id___MISSING__
set_b_top31_log_ranked,2,5,categorical__club_position___MISSING__,categorical,-0.596073,categorical__league_id___MISSING__
set_b_top31_log_ranked,2,6,categorical__club_jersey_number___MISSING__,categorical,-0.596073,categorical__league_id___MISSING__
set_b_top31_log_ranked,2,7,numeric__missingindicator_league_level,numeric,-0.596073,categorical__league_id___MISSING__
set_b_top31_log_ranked,2,8,numeric__missingindicator_club_contract_valid_until_year,numeric,-0.596073,categorical__league_id___MISSING__
set_b_top31_log_ranked,2,9,numeric__movement_reactions,numeric,0.558679,
set_b_top31_log_ranked,2,10,numeric__mentality_composure,numeric,0.451573,
set_b_top31_log_ranked,2,11,numeric__attacking_short_passing,numeric,0.419797,
set_b_top31_log_ranked,2,12,position_ratings__lcm_base,position_ratings,0.416129,
set_b_top31_log_ranked,2,13,position_ratings__cm_base,position_ratings,0.416129,position_ratings__lcm_base
set_b_top31_log_ranked,2,14,position_ratings__rcm_base,position_ratings,0.416129,position_ratings__lcm_base
set_b_top31_log_ranked,2,15,position_ratings__lam_base,position_ratings,0.397743,
set_b_top31_log_ranked,2,16,position_ratings__cam_base,position_ratings,0.397743,position_ratings__lam_base
set_b_top31_log_ranked,2,17,position_ratings__ram_base,position_ratings,0.397743,position_ratings__lam_base
set_b_top31_log_ranked,2,18,position_ratings__lm_base,position_ratings,0.390563,
set_b_top31_log_ranked,2,19,position_ratings__rm_base,position_ratings,0.390563,position_ratings__lm_base
set_b_top31_log_ranked,2,20,position_ratings__lf_base,position_ratings,0.386769,
set_b_top31_log_ranked,2,21,position_ratings__cf_base,position_ratings,0.386769,position_ratings__lf_base
set_b_top31_log_ranked,2,22,position_ratings__rf_base,position_ratings,0.386769,position_ratings__lf_base
set_b_top31_log_ranked,2,23,numeric__skill_long_passing,numeric,0.384838,
set_b_top31_log_ranked,2,24,numeric__mentality_vision,numeric,0.384162,
set_b_top31_log_ranked,2,25,numeric__skill_ball_control,numeric,0.382974,
set_b_top31_log_ranked,2,26,position_ratings__lw_base,position_ratings,0.376217,
set_b_top31_log_ranked,2,27,position_ratings__rw_base,position_ratings,0.376217,position_ratings__lw_base
set_b_top31_log_ranked,2,28,position_ratings__ls_base,position_ratings,0.375665,
set_b_top31_log_ranked,2,29,position_ratings__st_base,position_ratings,0.375665,position_ratings__ls_base
set_b_top31_log_ranked,2,30,position_ratings__rs_base,position_ratings,0.375665,position_ratings__ls_base
set_b_top31_log_ranked,2,31,numeric__power_shot_power,numeric,0.359944,
set_b_top31_log_ranked,3,1,numeric__overall,numeric,0.640623,
set_b_top31_log_ranked,3,2,numeric__potential,numeric,0.631387,
set_b_top31_log_ranked,3,3,numeric__movement_reactions,numeric,0.574104,
set_b_top31_log_ranked,3,4,numeric__missingindicator_league_level,numeric,-0.567670,
set_b_top31_log_ranked,3,5,numeric__missingindicator_club_contract_valid_until_year,numeric,-0.567670,numeric__missingindicator_league_level
set_b_top31_log_ranked,3,6,categorical__league_id___MISSING__,categorical,-0.567670,numeric__missingindicator_league_level
set_b_top31_log_ranked,3,7,categorical__club_name___MISSING__,categorical,-0.567670,numeric__missingindicator_league_level
set_b_top31_log_ranked,3,8,categorical__club_position___MISSING__,categorical,-0.567670,numeric__missingindicator_league_level
set_b_top31_log_ranked,3,9,categorical__club_jersey_number___MISSING__,categorical,-0.567670,numeric__missingindicator_league_level
set_b_top31_log_ranked,3,10,numeric__mentality_composure,numeric,0.453690,
set_b_top31_log_ranked,3,11,numeric__attacking_short_passing,numeric,0.420127,
set_b_top31_log_ranked,3,12,position_ratings__lcm_base,position_ratings,0.418597,
set_b_top31_log_ranked,3,13,position_ratings__cm_base,position_ratings,0.418597,position_ratings__lcm_base
set_b_top31_log_ranked,3,14,position_ratings__rcm_base,position_ratings,0.418597,position_ratings__lcm_base
set_b_top31_log_ranked,3,15,position_ratings__lam_base,position_ratings,0.398651,
set_b_top31_log_ranked,3,16,position_ratings__cam_base,position_ratings,0.398651,position_ratings__lam_base
set_b_top31_log_ranked,3,17,position_ratings__ram_base,position_ratings,0.398651,position_ratings__lam_base
set_b_top31_log_ranked,3,18,position_ratings__lm_base,position_ratings,0.391543,
set_b_top31_log_ranked,3,19,position_ratings__rm_base,position_ratings,0.391543,position_ratings__lm_base
set_b_top31_log_ranked,3,20,position_ratings__lf_base,position_ratings,0.387251,
set_b_top31_log_ranked,3,21,position_ratings__cf_base,position_ratings,0.387251,position_ratings__lf_base
set_b_top31_log_ranked,3,22,position_ratings__rf_base,position_ratings,0.387251,position_ratings__lf_base
set_b_top31_log_ranked,3,23,numeric__skill_long_passing,numeric,0.386702,
set_b_top31_log_ranked,3,24,numeric__mentality_vision,numeric,0.386608,
set_b_top31_log_ranked,3,25,numeric__skill_ball_control,numeric,0.382687,
set_b_top31_log_ranked,3,26,position_ratings__lw_base,position_ratings,0.376358,
set_b_top31_log_ranked,3,27,position_ratings__rw_base,position_ratings,0.376358,position_ratings__lw_base
set_b_top31_log_ranked,3,28,position_ratings__ls_base,position_ratings,0.375560,
set_b_top31_log_ranked,3,29,position_ratings__st_base,position_ratings,0.375560,position_ratings__ls_base
set_b_top31_log_ranked,3,30,position_ratings__rs_base,position_ratings,0.375560,position_ratings__ls_base
set_b_top31_log_ranked,3,31,numeric__power_shot_power,numeric,0.363458,
set_b_top31_log_ranked,4,1,numeric__overall,numeric,0.626188,
set_b_top31_log_ranked,4,2,numeric__potential,numeric,0.620269,
set_b_top31_log_ranked,4,3,categorical__league_id___MISSING__,categorical,-0.585681,
set_b_top31_log_ranked,4,4,categorical__club_name___MISSING__,categorical,-0.585681,categorical__league_id___MISSING__
set_b_top31_log_ranked,4,5,categorical__club_position___MISSING__,categorical,-0.585681,categorical__league_id___MISSING__
set_b_top31_log_ranked,4,6,categorical__club_jersey_number___MISSING__,categorical,-0.585681,categorical__league_id___MISSING__
set_b_top31_log_ranked,4,7,numeric__missingindicator_league_level,numeric,-0.585681,categorical__league_id___MISSING__
set_b_top31_log_ranked,4,8,numeric__missingindicator_club_contract_valid_until_year,numeric,-0.585681,categorical__league_id___MISSING__
set_b_top31_log_ranked,4,9,numeric__movement_reactions,numeric,0.560903,
set_b_top31_log_ranked,4,10,numeric__mentality_composure,numeric,0.450542,
set_b_top31_log_ranked,4,11,numeric__attacking_short_passing,numeric,0.417556,
set_b_top31_log_ranked,4,12,position_ratings__lcm_base,position_ratings,0.415777,
set_b_top31_log_ranked,4,13,position_ratings__cm_base,position_ratings,0.415777,position_ratings__lcm_base
set_b_top31_log_ranked,4,14,position_ratings__rcm_base,position_ratings,0.415777,position_ratings__lcm_base
set_b_top31_log_ranked,4,15,position_ratings__lam_base,position_ratings,0.395264,
set_b_top31_log_ranked,4,16,position_ratings__cam_base,position_ratings,0.395264,position_ratings__lam_base
set_b_top31_log_ranked,4,17,position_ratings__ram_base,position_ratings,0.395264,position_ratings__lam_base
set_b_top31_log_ranked,4,18,position_ratings__lm_base,position_ratings,0.388304,
set_b_top31_log_ranked,4,19,position_ratings__rm_base,position_ratings,0.388304,position_ratings__lm_base
set_b_top31_log_ranked,4,20,numeric__skill_long_passing,numeric,0.386918,
set_b_top31_log_ranked,4,21,position_ratings__lf_base,position_ratings,0.384473,
set_b_top31_log_ranked,4,22,position_ratings__cf_base,position_ratings,0.384473,position_ratings__lf_base
set_b_top31_log_ranked,4,23,position_ratings__rf_base,position_ratings,0.384473,position_ratings__lf_base
set_b_top31_log_ranked,4,24,numeric__mentality_vision,numeric,0.381150,
set_b_top31_log_ranked,4,25,numeric__skill_ball_control,numeric,0.380532,
set_b_top31_log_ranked,4,26,position_ratings__ls_base,position_ratings,0.374348,
set_b_top31_log_ranked,4,27,position_ratings__st_base,position_ratings,0.374348,position_ratings__ls_base
set_b_top31_log_ranked,4,28,position_ratings__rs_base,position_ratings,0.374348,position_ratings__ls_base
set_b_top31_log_ranked,4,29,position_ratings__lw_base,position_ratings,0.373287,
set_b_top31_log_ranked,4,30,position_ratings__rw_base,position_ratings,0.373287,position_ratings__lw_base
set_b_top31_log_ranked,4,31,numeric__power_shot_power,numeric,0.358472,
set_b_top31_log_ranked,5,1,numeric__overall,numeric,0.622325,
set_b_top31_log_ranked,5,2,numeric__potential,numeric,0.614495,
set_b_top31_log_ranked,5,3,categorical__league_id___MISSING__,categorical,-0.604149,
set_b_top31_log_ranked,5,4,categorical__club_name___MISSING__,categorical,-0.604149,categorical__league_id___MISSING__
set_b_top31_log_ranked,5,5,categorical__club_position___MISSING__,categorical,-0.604149,categorical__league_id___MISSING__
set_b_top31_log_ranked,5,6,categorical__club_jersey_number___MISSING__,categorical,-0.604149,categorical__league_id___MISSING__
set_b_top31_log_ranked,5,7,numeric__missingindicator_league_level,numeric,-0.604149,categorical__league_id___MISSING__
set_b_top31_log_ranked,5,8,numeric__missingindicator_club_contract_valid_until_year,numeric,-0.604149,categorical__league_id___MISSING__
set_b_top31_log_ranked,5,9,numeric__movement_reactions,numeric,0.554694,
set_b_top31_log_ranked,5,10,numeric__mentality_composure,numeric,0.442167,
set_b_top31_log_ranked,5,11,numeric__attacking_short_passing,numeric,0.408963,
set_b_top31_log_ranked,5,12,position_ratings__lcm_base,position_ratings,0.406526,
set_b_top31_log_ranked,5,13,position_ratings__cm_base,position_ratings,0.406526,position_ratings__lcm_base
set_b_top31_log_ranked,5,14,position_ratings__rcm_base,position_ratings,0.406526,position_ratings__lcm_base
set_b_top31_log_ranked,5,15,position_ratings__lam_base,position_ratings,0.387246,
set_b_top31_log_ranked,5,16,position_ratings__cam_base,position_ratings,0.387246,position_ratings__lam_base
set_b_top31_log_ranked,5,17,position_ratings__ram_base,position_ratings,0.387246,position_ratings__lam_base
set_b_top31_log_ranked,5,18,position_ratings__lm_base,position_ratings,0.380664,
set_b_top31_log_ranked,5,19,position_ratings__rm_base,position_ratings,0.380664,position_ratings__lm_base
set_b_top31_log_ranked,5,20,numeric__mentality_vision,numeric,0.377867,
set_b_top31_log_ranked,5,21,numeric__skill_long_passing,numeric,0.376402,
set_b_top31_log_ranked,5,22,position_ratings__lf_base,position_ratings,0.376176,
set_b_top31_log_ranked,5,23,position_ratings__cf_base,position_ratings,0.376176,position_ratings__lf_base
set_b_top31_log_ranked,5,24,position_ratings__rf_base,position_ratings,0.376176,position_ratings__lf_base
set_b_top31_log_ranked,5,25,numeric__skill_ball_control,numeric,0.370019,
set_b_top31_log_ranked,5,26,position_ratings__lw_base,position_ratings,0.365547,
set_b_top31_log_ranked,5,27,position_ratings__rw_base,position_ratings,0.365547,position_ratings__lw_base
set_b_top31_log_ranked,5,28,position_ratings__ls_base,position_ratings,0.364971,
set_b_top31_log_ranked,5,29,position_ratings__st_base,position_ratings,0.364971,position_ratings__ls_base
set_b_top31_log_ranked,5,30,position_ratings__rs_base,position_ratings,0.364971,position_ratings__ls_base
set_b_top31_log_ranked,5,31,categorical__nationality_name_Qatar,categorical,-0.358735,
