dimension,slice,model,n,n_positive,rmsle,rmsle_positive,mae_eur,median_abs_pct_error
value_band,<€1M,trivial_mean,7201,7201,2.101802,2.101802,2430679.898111,5.198791
value_band,<€1M,simple_ols_overall,7201,7201,0.645947,0.645947,258425.671886,0.344042
value_band,<€1M,strong_random_forest,7201,7201,0.129443,0.129443,16497.630629,0.024077
value_band,<€1M,ours_ols,7201,7201,0.166638,0.166638,48456.562887,0.083696
value_band,€0,trivial_mean,93,0,14.883867,,2910673.076882,
value_band,€0,simple_ols_overall,93,0,14.521862,,2738264.578602,
value_band,€0,strong_random_forest,93,0,3.381949,,187677.458280,
value_band,€0,ours_ols,93,0,0.898375,,1.765269,
value_band,€1M–10M,trivial_mean,6543,6543,0.660673,0.660673,1478696.158958,0.635792
value_band,€1M–10M,simple_ols_overall,6543,6543,0.441265,0.441265,862041.213650,0.329759
value_band,€1M–10M,strong_random_forest,6543,6543,0.058084,0.058084,89260.863818,0.017396
value_band,€1M–10M,ours_ols,6543,6543,0.136487,0.136487,294767.847808,0.092444
value_band,≥€10M,trivial_mean,887,887,2.067640,2.067640,22963669.858647,0.847997
value_band,≥€10M,simple_ols_overall,887,887,1.020467,1.020467,16711542.847407,0.622179
value_band,≥€10M,strong_random_forest,887,887,0.099978,0.099978,2077325.642424,0.038049
value_band,≥€10M,ours_ols,887,887,0.198793,0.198793,3442544.905761,0.136734
league_level,level 1,trivial_mean,10799,10780,1.768987,1.656612,3713570.560953,1.645888
league_level,level 1,simple_ols_overall,10799,10780,0.863085,0.623275,1929222.775255,0.364744
league_level,level 1,strong_random_forest,10799,10780,0.333633,0.113288,226748.535910,0.022927
league_level,level 1,ours_ols,10799,10780,0.169919,0.161293,449754.285011,0.091834
league_level,level 2,trivial_mean,2317,2317,1.231629,1.231629,1725101.496379,1.425398
league_level,level 2,simple_ols_overall,2317,2317,0.518406,0.518406,525032.881170,0.329444
league_level,level 2,strong_random_forest,2317,2317,0.048467,0.048467,38594.002266,0.017289
league_level,level 2,ours_ols,2317,2317,0.144014,0.144014,167292.372861,0.088764
league_level,level 3–4,trivial_mean,1534,1534,1.869258,1.869258,2283325.970717,4.501053
league_level,level 3–4,simple_ols_overall,1534,1534,0.505437,0.505437,212076.798214,0.310133
league_level,level 3–4,strong_random_forest,1534,1534,0.071321,0.071321,16163.869609,0.021605
league_level,level 3–4,ours_ols,1534,1534,0.136058,0.136058,56470.800874,0.080003
league_level,no club,trivial_mean,74,0,14.883784,,2910432.178514,
league_level,no club,simple_ols_overall,74,0,14.591572,,2750706.642027,
league_level,no club,strong_random_forest,74,0,0.005672,,0.000676,
league_level,no club,ours_ols,74,0,0.768568,,0.984459,
position,DEF,trivial_mean,4864,4838,1.917462,1.582997,2946335.655905,1.944426
position,DEF,simple_ols_overall,4864,4838,1.191490,0.565164,1271386.192270,0.354567
position,DEF,strong_random_forest,4864,4838,0.267630,0.066945,122141.503680,0.023918
position,DEF,ours_ols,4864,4838,0.138871,0.130476,291394.453133,0.086468
position,FWD,trivial_mean,2674,2651,2.070403,1.549832,3541258.433205,1.676751
position,FWD,simple_ols_overall,2674,2651,1.444461,0.522485,1779980.961788,0.354268
position,FWD,strong_random_forest,2674,2651,0.445366,0.061866,266978.148366,0.014679
position,FWD,ours_ols,2674,2651,0.179977,0.137882,393998.958579,0.086484
position,GK,trivial_mean,1672,1662,2.420178,2.135362,2882971.240724,4.823309
position,GK,simple_ols_overall,1672,1662,1.443725,0.904575,1011103.422452,0.358168
position,GK,strong_random_forest,1672,1662,0.241320,0.242045,172484.857697,0.035514
position,GK,ours_ols,1672,1662,0.274507,0.272022,310157.200275,0.118126
position,MID,trivial_mean,5514,5480,1.900797,1.503614,3481551.157042,1.446047
position,MID,simple_ols_overall,5514,5480,1.266540,0.535824,1803554.512561,0.351261
position,MID,strong_random_forest,5514,5480,0.208257,0.063933,175278.308645,0.020273
position,MID,ours_ols,5514,5480,0.150893,0.135864,424675.473159,0.088026
age_band,22–29,trivial_mean,8057,8017,1.767436,1.426183,3644753.929938,1.223225
age_band,22–29,simple_ols_overall,8057,8017,1.119433,0.439090,1919325.323099,0.249416
age_band,22–29,strong_random_forest,8057,8017,0.047884,0.048000,198609.922704,0.019863
age_band,22–29,ours_ols,8057,8017,0.140343,0.125913,431343.378202,0.085854
age_band,≤21,trivial_mean,3749,3746,1.829249,1.780881,2562413.956279,3.816988
age_band,≤21,simple_ols_overall,3749,3746,0.648415,0.536793,900658.788221,0.375073
age_band,≤21,strong_random_forest,3749,3746,0.037094,0.037108,64557.855906,0.015568
age_band,≤21,ours_ols,3749,3746,0.116980,0.117027,199613.620886,0.075616
age_band,≥30,trivial_mean,2918,2868,2.704788,1.892488,3031401.761319,2.913675
age_band,≥30,simple_ols_overall,2918,2868,2.122196,0.947951,1281179.612875,0.721910
age_band,≥30,strong_random_forest,2918,2868,0.639048,0.211232,246966.267838,0.043389
age_band,≥30,ours_ols,2918,2868,0.275803,0.249473,379525.075487,0.134440
