dimension,slice,model,n,rmsle,mae_eur,median_abs_pct_error
value_band,<€1M,set_a,7201,0.278328,83426.969632,0.145612
value_band,<€1M,set_b_top31,7201,0.397699,144237.059135,0.207891
value_band,<€1M,set_c,7201,0.166638,48456.562860,0.083696
value_band,<€1M,set_c_minus_nonlinear,7201,0.236022,73066.137314,0.119667
value_band,<€1M,set_c_minus_interaction,7201,0.166082,48088.939313,0.082221
value_band,<€1M,set_c_minus_domain_rules,7201,0.293854,82864.754321,0.148564
value_band,<€1M,set_c_plus_aggregates,7201,0.166639,48451.302630,0.083265
value_band,€0,set_a,93,5.432161,221083.966155,
value_band,€0,set_b_top31,93,13.000526,1056522.236473,
value_band,€0,set_c,93,0.898436,1.765532,
value_band,€0,set_c_minus_nonlinear,93,0.823816,1.399237,
value_band,€0,set_c_minus_interaction,93,0.882675,1.741104,
value_band,€0,set_c_minus_domain_rules,93,11.998732,338728.153010,
value_band,€0,set_c_plus_aggregates,93,0.897758,1.762175,
value_band,€1M–10M,set_a,6543,0.249238,499912.406035,0.144782
value_band,€1M–10M,set_b_top31,6543,0.470649,654616.960786,0.160473
value_band,€1M–10M,set_c,6543,0.136487,294767.847824,0.092444
value_band,€1M–10M,set_c_minus_nonlinear,6543,0.179452,396234.431755,0.113204
value_band,€1M–10M,set_c_minus_interaction,6543,0.138621,300255.538399,0.092702
value_band,€1M–10M,set_c_minus_domain_rules,6543,0.445659,612096.551765,0.154070
value_band,€1M–10M,set_c_plus_aggregates,6543,0.136578,295038.018997,0.092963
value_band,≥€10M,set_a,887,0.366948,7573263.164898,0.196079
value_band,≥€10M,set_b_top31,887,1.022180,16651205.106699,0.380881
value_band,≥€10M,set_c,887,0.198793,3442544.905843,0.136734
value_band,≥€10M,set_c_minus_nonlinear,887,0.324568,5254164.696873,0.217462
value_band,≥€10M,set_c_minus_interaction,887,0.237290,5220024.244698,0.172092
value_band,≥€10M,set_c_minus_domain_rules,887,0.929394,15339869.400667,0.396016
value_band,≥€10M,set_c_plus_aggregates,887,0.198755,3437828.138865,0.136501
league_level,level 1,set_a,10799,0.578554,913888.379112,0.154248
league_level,level 1,set_b_top31,10799,0.781841,1780218.366689,0.195400
league_level,level 1,set_c,10799,0.169919,449754.285019,0.091834
league_level,level 1,set_c_minus_nonlinear,10799,0.236265,666987.733656,0.127365
league_level,level 1,set_c_minus_interaction,10799,0.174558,598936.997814,0.093344
league_level,level 1,set_c_minus_domain_rules,10799,0.641089,1600571.064364,0.164143
league_level,level 1,set_c_plus_aggregates,10799,0.169937,449491.917673,0.092034
league_level,level 2,set_a,2317,0.211946,253027.169446,0.131435
league_level,level 2,set_b_top31,2317,0.427907,307855.288438,0.174956
league_level,level 2,set_c,2317,0.144014,167292.372842,0.088764
league_level,level 2,set_c_minus_nonlinear,2317,0.187910,200382.333865,0.108468
league_level,level 2,set_c_minus_interaction,2317,0.144173,166929.678257,0.087361
league_level,level 2,set_c_minus_domain_rules,2317,0.360700,331055.646949,0.135934
league_level,level 2,set_c_plus_aggregates,2317,0.144083,167428.752470,0.089193
league_level,level 3–4,set_a,1534,0.224519,100642.179343,0.139600
league_level,level 3–4,set_b_top31,1534,0.344404,136333.671843,0.200862
league_level,level 3–4,set_c,1534,0.136058,56470.800831,0.080003
league_level,level 3–4,set_c_minus_nonlinear,1534,0.176181,73056.645057,0.101667
league_level,level 3–4,set_c_minus_interaction,1534,0.135246,56274.663285,0.079817
league_level,level 3–4,set_c_minus_domain_rules,1534,0.279993,103345.294551,0.136431
league_level,level 3–4,set_c_plus_aggregates,1534,0.136086,56512.125444,0.079457
league_level,no club,set_a,74,0.656537,0.761812,
league_level,no club,set_b_top31,74,12.748061,576630.231034,
league_level,no club,set_c,74,0.768660,0.984745,
league_level,no club,set_c_minus_nonlinear,74,0.699038,0.826848,
league_level,no club,set_c_minus_interaction,74,0.748760,0.936666,
league_level,no club,set_c_minus_domain_rules,74,12.311613,398218.524224,
league_level,no club,set_c_plus_aggregates,74,0.767901,0.982823,
position,DEF,set_a,4864,0.458107,582424.804782,0.141812
position,DEF,set_b_top31,4864,1.058222,1172986.462603,0.165400
position,DEF,set_c,4864,0.138870,291394.453099,0.086468
position,DEF,set_c_minus_nonlinear,4864,0.203545,453941.712452,0.116394
position,DEF,set_c_minus_interaction,4864,0.141608,366219.843999,0.087175
position,DEF,set_c_minus_domain_rules,4864,0.964602,1093805.395565,0.154908
position,DEF,set_c_plus_aggregates,4864,0.138908,291687.073444,0.086927
position,FWD,set_a,2674,0.768726,991867.248519,0.152577
position,FWD,set_b_top31,2674,1.323598,1717471.556296,0.207843
position,FWD,set_c,2674,0.179977,393998.958682,0.086484
position,FWD,set_c_minus_nonlinear,2674,0.215755,567267.888061,0.116964
position,FWD,set_c_minus_interaction,2674,0.183629,575196.072092,0.087811
position,FWD,set_c_minus_domain_rules,2674,1.186693,1379918.583843,0.159876
position,FWD,set_c_plus_aggregates,2674,0.179974,393826.096545,0.086588
position,GK,set_a,1672,0.337594,408812.127835,0.173451
position,GK,set_b_top31,1672,1.138918,1041604.216494,0.231719
position,GK,set_c,1672,0.274511,310157.200278,0.118126
position,GK,set_c_minus_nonlinear,1672,0.362418,451631.469756,0.153593
position,GK,set_c_minus_interaction,1672,0.276865,344811.715485,0.115765
position,GK,set_c_minus_domain_rules,1672,1.041015,936278.944321,0.160920
position,GK,set_c_plus_aggregates,1672,0.274547,310231.587470,0.118030
position,MID,set_a,5514,0.433562,805409.605800,0.146970
position,MID,set_b_top31,5514,1.121319,1478091.764468,0.198156
position,MID,set_c,5514,0.150899,424675.473140,0.088026
position,MID,set_c_minus_nonlinear,5514,0.201012,598328.022951,0.117957
position,MID,set_c_minus_interaction,5514,0.154070,552254.135008,0.089449
position,MID,set_c_minus_domain_rules,5514,1.040817,1389915.230060,0.154517
position,MID,set_c_plus_aggregates,5514,0.150872,424033.585409,0.088205
age_band,22–29,set_a,8057,0.246151,900775.422361,0.140692
age_band,22–29,set_b_top31,8057,1.023062,1619114.839364,0.183686
age_band,22–29,set_c,8057,0.140345,431343.378196,0.085854
age_band,22–29,set_c_minus_nonlinear,8057,0.191612,636827.771552,0.111416
age_band,22–29,set_c_minus_interaction,8057,0.143663,586230.401884,0.087789
age_band,22–29,set_c_minus_domain_rules,8057,0.991617,1692739.363060,0.142855
age_band,22–29,set_c_plus_aggregates,8057,0.140328,431011.225080,0.085783
age_band,≤21,set_a,3749,0.232014,397904.529044,0.135184
age_band,≤21,set_b_top31,3749,0.469659,484916.901277,0.180701
age_band,≤21,set_c,3749,0.116980,199613.620988,0.075616
age_band,≤21,set_c_minus_nonlinear,3749,0.195370,314737.617393,0.120292
age_band,≤21,set_c_minus_interaction,3749,0.117218,215562.214164,0.076078
age_band,≤21,set_c_minus_domain_rules,3749,0.420142,385602.146622,0.121709
age_band,≤21,set_c_plus_aggregates,3749,0.117073,199433.608413,0.075400
age_band,≥30,set_a,2918,1.037014,637573.015688,0.194051
age_band,≥30,set_b_top31,2918,1.848761,1825402.197138,0.286676
age_band,≥30,set_c,2918,0.275806,379525.075372,0.134440
age_band,≥30,set_c_minus_nonlinear,2918,0.336032,503181.177182,0.149880
age_band,≥30,set_c_minus_interaction,2918,0.280114,483077.799117,0.132176
age_band,≥30,set_c_minus_domain_rules,2918,1.602389,1081425.364915,0.268547
age_band,≥30,set_c_plus_aggregates,2918,0.275803,379832.513083,0.134200
