config_id,params,rmsle_mean,rmsle_std,rmsle_positive_mean,rmsle_positive_std,rmse_eur_mean,rmse_eur_std,mae_eur_mean,mae_eur_std,medae_eur_mean,medae_eur_std,r2_eur_mean,r2_eur_std,fit_seconds_mean,fit_seconds_std
12,"{""max_features"": 1.0, ""min_samples_leaf"": 1}",0.066724,0.004666,0.066724,0.004666,1320612.305093,387539.870674,173382.837586,14330.812138,17268.650953,827.456667,0.971528,0.013978,16.704702,0.533934
13,"{""max_features"": 1.0, ""min_samples_leaf"": 2}",0.066989,0.004486,0.066989,0.004486,1292222.660367,383936.194881,172119.980259,12859.516124,17564.564405,816.836800,0.972684,0.013741,15.573822,0.082052
9,"{""max_features"": 0.5, ""min_samples_leaf"": 1}",0.067585,0.003855,0.067585,0.003855,1217520.798838,392569.654797,170295.532462,18531.446586,18344.820966,775.317748,0.975710,0.013588,9.488778,0.350781
10,"{""max_features"": 0.5, ""min_samples_leaf"": 2}",0.068647,0.003401,0.068647,0.003401,1206702.152708,401838.853013,172232.676310,18566.460777,18608.755312,560.475359,0.976052,0.014191,8.286786,0.192975
14,"{""max_features"": 1.0, ""min_samples_leaf"": 4}",0.070176,0.004190,0.070176,0.004190,1326689.137284,420935.861757,179783.261815,14914.217910,18645.406481,879.586361,0.970999,0.015624,14.149049,0.069969
11,"{""max_features"": 0.5, ""min_samples_leaf"": 4}",0.072261,0.003720,0.072261,0.003720,1242101.915966,436950.140340,179596.696229,19964.255506,19511.644894,568.308104,0.974437,0.016368,7.491752,0.144923
6,"{""max_features"": 0.33, ""min_samples_leaf"": 1}",0.081315,0.004824,0.081315,0.004824,1364621.014435,378681.938170,207297.412895,22336.455963,22269.022189,694.845488,0.969909,0.014417,6.835105,0.096397
7,"{""max_features"": 0.33, ""min_samples_leaf"": 2}",0.082918,0.005061,0.082918,0.005061,1339382.135412,387509.893639,210437.205339,24838.483704,22636.333201,696.180272,0.970894,0.014752,6.141256,0.096027
8,"{""max_features"": 0.33, ""min_samples_leaf"": 4}",0.088475,0.004457,0.088475,0.004457,1389119.997675,402798.108413,219280.753951,23034.645891,24059.061039,693.823156,0.968663,0.015989,5.580815,0.204508
3,"{""max_features"": 0.2, ""min_samples_leaf"": 1}",0.114169,0.005550,0.114169,0.005550,1634058.432168,339114.355753,284007.960601,26721.587992,33093.192214,1375.875743,0.957432,0.014345,4.900500,0.169029
4,"{""max_features"": 0.2, ""min_samples_leaf"": 2}",0.118115,0.005541,0.118115,0.005541,1638131.766292,369694.606891,290103.908288,29922.164510,34402.680813,1206.578344,0.957063,0.016022,4.283241,0.142880
5,"{""max_features"": 0.2, ""min_samples_leaf"": 4}",0.125768,0.004707,0.125768,0.004707,1721395.423200,386587.558012,303998.576223,31372.361407,36493.226880,1643.622181,0.952650,0.017508,3.764481,0.073243
0,"{""max_features"": 0.1, ""min_samples_leaf"": 1}",0.175128,0.005507,0.175128,0.005507,2087445.436101,379359.949328,421157.559766,38794.453894,59815.800423,2152.633884,0.930771,0.019660,3.165011,0.050633
1,"{""max_features"": 0.1, ""min_samples_leaf"": 2}",0.179748,0.006104,0.179748,0.006104,2092100.690968,398824.457786,425834.586141,39449.426670,61154.054159,1413.861927,0.930360,0.020801,2.631766,0.115915
2,"{""max_features"": 0.1, ""min_samples_leaf"": 4}",0.189972,0.005116,0.189972,0.005116,2225141.761660,388428.167690,451970.212476,38572.050095,65202.162096,2261.473383,0.921399,0.020996,2.245332,0.022559
