config_id,params,model,target,fold,train_rows,validation_rows,feature_count,rmsle,rmsle_positive,rmse_eur,mae_eur,medae_eur,r2_eur,fit_seconds
0,"{""max_features"": 0.1, ""min_samples_leaf"": 1}",random_forest_log1p,log1p,1,11712,2919,1177,0.177024,0.177024,2079470.103171,437865.544188,62351.269412,0.931794,3.221296
0,"{""max_features"": 0.1, ""min_samples_leaf"": 1}",random_forest_log1p,log1p,2,11703,2928,1177,0.171405,0.171405,1803679.162338,428893.086633,58995.471101,0.940798,3.102574
0,"{""max_features"": 0.1, ""min_samples_leaf"": 1}",random_forest_log1p,log1p,3,11705,2926,1181,0.183972,0.183972,2663694.282972,443618.867140,57633.564468,0.901073,3.161022
0,"{""max_features"": 0.1, ""min_samples_leaf"": 1}",random_forest_log1p,log1p,4,11703,2928,1172,0.172332,0.172332,2192713.595033,442852.144556,61860.776750,0.926155,3.130578
0,"{""max_features"": 0.1, ""min_samples_leaf"": 1}",random_forest_log1p,log1p,5,11701,2930,1175,0.170908,0.170908,1697670.036992,352558.156312,58237.920385,0.954036,3.209587
1,"{""max_features"": 0.1, ""min_samples_leaf"": 2}",random_forest_log1p,log1p,1,11712,2919,1177,0.182066,0.182066,2108652.526219,445335.768801,62627.983423,0.929866,2.463890
1,"{""max_features"": 0.1, ""min_samples_leaf"": 2}",random_forest_log1p,log1p,2,11703,2928,1177,0.175681,0.175681,1774245.995910,429263.603656,61459.089178,0.942715,2.589559
1,"{""max_features"": 0.1, ""min_samples_leaf"": 2}",random_forest_log1p,log1p,3,11705,2926,1181,0.189451,0.189451,2672180.335412,449452.221459,61340.957887,0.900442,2.775504
1,"{""max_features"": 0.1, ""min_samples_leaf"": 2}",random_forest_log1p,log1p,4,11703,2928,1172,0.176586,0.176586,2235190.245018,448341.841269,61542.844767,0.923266,2.686392
1,"{""max_features"": 0.1, ""min_samples_leaf"": 2}",random_forest_log1p,log1p,5,11701,2930,1175,0.174955,0.174955,1670234.352282,356779.495520,58799.395539,0.955509,2.643484
2,"{""max_features"": 0.1, ""min_samples_leaf"": 4}",random_forest_log1p,log1p,1,11712,2919,1177,0.192654,0.192654,2264808.154497,468513.884768,68623.366725,0.919094,2.229132
2,"{""max_features"": 0.1, ""min_samples_leaf"": 4}",random_forest_log1p,log1p,2,11703,2928,1177,0.185960,0.185960,1913234.328857,458942.228794,64788.541032,0.933388,2.244006
2,"{""max_features"": 0.1, ""min_samples_leaf"": 4}",random_forest_log1p,log1p,3,11705,2926,1181,0.197618,0.197618,2776710.430006,474776.366108,64065.409128,0.892501,2.251448
2,"{""max_features"": 0.1, ""min_samples_leaf"": 4}",random_forest_log1p,log1p,4,11703,2928,1172,0.188035,0.188035,2369560.803846,473731.072886,65930.945265,0.913763,2.279925
2,"{""max_features"": 0.1, ""min_samples_leaf"": 4}",random_forest_log1p,log1p,5,11701,2930,1175,0.185592,0.185592,1801395.091095,383887.509824,62602.548329,0.948247,2.222151
3,"{""max_features"": 0.2, ""min_samples_leaf"": 1}",random_forest_log1p,log1p,1,11712,2919,1177,0.115018,0.115018,1557709.602196,295725.365258,34397.202675,0.961727,5.032802
3,"{""max_features"": 0.2, ""min_samples_leaf"": 1}",random_forest_log1p,log1p,2,11703,2928,1177,0.111207,0.111207,1363161.249715,284273.298164,31728.401388,0.966185,4.955277
3,"{""max_features"": 0.2, ""min_samples_leaf"": 1}",random_forest_log1p,log1p,3,11705,2926,1181,0.123379,0.123379,2159720.943568,302399.782113,33053.425360,0.934966,4.996679
3,"{""max_features"": 0.2, ""min_samples_leaf"": 1}",random_forest_log1p,log1p,4,11703,2928,1172,0.111984,0.111984,1755257.476242,299798.403988,34558.104060,0.952680,4.907887
3,"{""max_features"": 0.2, ""min_samples_leaf"": 1}",random_forest_log1p,log1p,5,11701,2930,1175,0.109258,0.109258,1334442.889121,237842.953481,31728.827585,0.971600,4.609855
4,"{""max_features"": 0.2, ""min_samples_leaf"": 2}",random_forest_log1p,log1p,1,11712,2919,1177,0.117322,0.117322,1524408.142484,293947.992656,35556.355700,0.963346,4.296729
4,"{""max_features"": 0.2, ""min_samples_leaf"": 2}",random_forest_log1p,log1p,2,11703,2928,1177,0.115918,0.115918,1336332.338130,288209.757102,33593.127003,0.967503,4.130065
4,"{""max_features"": 0.2, ""min_samples_leaf"": 2}",random_forest_log1p,log1p,3,11705,2926,1181,0.127606,0.127606,2200035.124059,312634.939852,34964.017435,0.932516,4.508363
4,"{""max_features"": 0.2, ""min_samples_leaf"": 2}",random_forest_log1p,log1p,4,11703,2928,1172,0.116616,0.116616,1806013.668570,314982.644130,35197.340527,0.949904,4.283446
4,"{""max_features"": 0.2, ""min_samples_leaf"": 2}",random_forest_log1p,log1p,5,11701,2930,1175,0.113112,0.113112,1323869.558215,240744.207700,32702.563399,0.972049,4.197602
5,"{""max_features"": 0.2, ""min_samples_leaf"": 4}",random_forest_log1p,log1p,1,11712,2919,1177,0.126682,0.126682,1627805.457657,313628.170874,37998.190955,0.958205,3.855998
5,"{""max_features"": 0.2, ""min_samples_leaf"": 4}",random_forest_log1p,log1p,2,11703,2928,1177,0.121107,0.121107,1368131.110250,295635.486099,35036.300717,0.965938,3.727143
5,"{""max_features"": 0.2, ""min_samples_leaf"": 4}",random_forest_log1p,log1p,3,11705,2926,1181,0.132911,0.132911,2315678.783692,331782.235052,36313.132191,0.925235,3.830916
5,"{""max_features"": 0.2, ""min_samples_leaf"": 4}",random_forest_log1p,log1p,4,11703,2928,1172,0.126221,0.126221,1871516.339531,325392.446215,38344.930378,0.946205,3.703504
5,"{""max_features"": 0.2, ""min_samples_leaf"": 4}",random_forest_log1p,log1p,5,11701,2930,1175,0.121919,0.121919,1423845.424867,253554.542877,34773.580159,0.967667,3.704843
6,"{""max_features"": 0.33, ""min_samples_leaf"": 1}",random_forest_log1p,log1p,1,11712,2919,1177,0.080775,0.080775,1275342.620064,212393.524262,22357.745244,0.974345,6.928650
6,"{""max_features"": 0.33, ""min_samples_leaf"": 1}",random_forest_log1p,log1p,2,11703,2928,1177,0.078403,0.078403,961954.335881,190979.165536,21969.192826,0.983161,6.728221
6,"{""max_features"": 0.33, ""min_samples_leaf"": 1}",random_forest_log1p,log1p,3,11705,2926,1181,0.089764,0.089764,1967572.701238,233557.327202,22518.449416,0.946023,6.830660
6,"{""max_features"": 0.33, ""min_samples_leaf"": 1}",random_forest_log1p,log1p,4,11703,2928,1172,0.079284,0.079284,1439073.439735,221000.717595,23190.745195,0.968193,6.752300
6,"{""max_features"": 0.33, ""min_samples_leaf"": 1}",random_forest_log1p,log1p,5,11701,2930,1175,0.078350,0.078350,1179161.975254,178556.329879,21308.978262,0.977825,6.935694
7,"{""max_features"": 0.33, ""min_samples_leaf"": 2}",random_forest_log1p,log1p,1,11712,2919,1177,0.083565,0.083565,1260476.621940,219277.209388,23138.157524,0.974940,6.113030
7,"{""max_features"": 0.33, ""min_samples_leaf"": 2}",random_forest_log1p,log1p,2,11703,2928,1177,0.079419,0.079419,961230.127540,192991.031694,22139.587627,0.983186,6.095317
7,"{""max_features"": 0.33, ""min_samples_leaf"": 2}",random_forest_log1p,log1p,3,11705,2926,1181,0.091483,0.091483,1961576.137941,237765.525745,22926.589777,0.946352,6.282912
7,"{""max_features"": 0.33, ""min_samples_leaf"": 2}",random_forest_log1p,log1p,4,11703,2928,1172,0.080300,0.080300,1415983.998901,225192.409525,23298.672859,0.969205,6.031241
7,"{""max_features"": 0.33, ""min_samples_leaf"": 2}",random_forest_log1p,log1p,5,11701,2930,1175,0.079820,0.079820,1097643.790739,176959.850340,21678.658221,0.980785,6.183780
8,"{""max_features"": 0.33, ""min_samples_leaf"": 4}",random_forest_log1p,log1p,1,11712,2919,1177,0.087344,0.087344,1180821.267858,214786.724389,24303.409551,0.978007,5.651916
8,"{""max_features"": 0.33, ""min_samples_leaf"": 4}",random_forest_log1p,log1p,2,11703,2928,1177,0.083774,0.083774,1022610.337855,207004.649515,23468.274665,0.980970,5.564471
8,"{""max_features"": 0.33, ""min_samples_leaf"": 4}",random_forest_log1p,log1p,3,11705,2926,1181,0.095685,0.095685,2031987.332927,247247.748842,24347.923693,0.942431,5.531798
8,"{""max_features"": 0.33, ""min_samples_leaf"": 4}",random_forest_log1p,log1p,4,11703,2928,1172,0.089041,0.089041,1521933.493263,237205.109834,24933.936247,0.964425,5.295499
8,"{""max_features"": 0.33, ""min_samples_leaf"": 4}",random_forest_log1p,log1p,5,11701,2930,1175,0.086532,0.086532,1188247.556472,190159.537175,23241.761041,0.977482,5.860393
9,"{""max_features"": 0.5, ""min_samples_leaf"": 1}",random_forest_log1p,log1p,1,11712,2919,1177,0.067777,0.067777,1100507.635620,174503.364576,18305.494216,0.980897,9.339215
9,"{""max_features"": 0.5, ""min_samples_leaf"": 1}",random_forest_log1p,log1p,2,11703,2928,1177,0.063835,0.063835,742865.950277,146137.081651,18144.489825,0.989958,9.302485
9,"{""max_features"": 0.5, ""min_samples_leaf"": 1}",random_forest_log1p,log1p,3,11705,2926,1181,0.073453,0.073453,1830768.933503,193963.639499,19333.034124,0.953268,9.331060
9,"{""max_features"": 0.5, ""min_samples_leaf"": 1}",random_forest_log1p,log1p,4,11703,2928,1172,0.064398,0.064398,1230692.209798,178566.751349,18714.202709,0.976737,10.115323
9,"{""max_features"": 0.5, ""min_samples_leaf"": 1}",random_forest_log1p,log1p,5,11701,2930,1175,0.068459,0.068459,1182769.264992,158306.825234,17226.883954,0.977689,9.355806
10,"{""max_features"": 0.5, ""min_samples_leaf"": 2}",random_forest_log1p,log1p,1,11712,2919,1177,0.068022,0.068022,1068821.302209,175548.829952,18754.126865,0.981981,8.454524
10,"{""max_features"": 0.5, ""min_samples_leaf"": 2}",random_forest_log1p,log1p,2,11703,2928,1177,0.065177,0.065177,754635.343390,151967.366477,18476.511367,0.989637,8.215387
10,"{""max_features"": 0.5, ""min_samples_leaf"": 2}",random_forest_log1p,log1p,3,11705,2926,1181,0.074172,0.074172,1853937.938868,198666.965857,19084.536871,0.952078,8.263692
10,"{""max_features"": 0.5, ""min_samples_leaf"": 2}",random_forest_log1p,log1p,4,11703,2928,1172,0.066862,0.066862,1209420.475813,177820.130546,19024.613149,0.977535,8.012984
10,"{""max_features"": 0.5, ""min_samples_leaf"": 2}",random_forest_log1p,log1p,5,11701,2930,1175,0.069004,0.069004,1146695.703261,157160.088716,17703.988308,0.979029,8.487343
11,"{""max_features"": 0.5, ""min_samples_leaf"": 4}",random_forest_log1p,log1p,1,11712,2919,1177,0.071209,0.071209,1024916.689341,176168.065837,20103.635717,0.983431,7.731444
11,"{""max_features"": 0.5, ""min_samples_leaf"": 4}",random_forest_log1p,log1p,2,11703,2928,1177,0.068210,0.068210,801071.250842,161115.136413,19141.029189,0.988322,7.363382
11,"{""max_features"": 0.5, ""min_samples_leaf"": 4}",random_forest_log1p,log1p,3,11705,2926,1181,0.078184,0.078184,1958042.796993,208011.476748,19784.873229,0.946545,7.392185
11,"{""max_features"": 0.5, ""min_samples_leaf"": 4}",random_forest_log1p,log1p,4,11703,2928,1172,0.072953,0.072953,1275636.528674,190704.203169,19815.304715,0.975007,7.478911
11,"{""max_features"": 0.5, ""min_samples_leaf"": 4}",random_forest_log1p,log1p,5,11701,2930,1175,0.070751,0.070751,1150842.313983,161984.598977,18713.381618,0.978877,7.492839
12,"{""max_features"": 1.0, ""min_samples_leaf"": 1}",random_forest_log1p,log1p,1,11712,2919,1177,0.063397,0.063397,1180999.610319,175301.413202,17232.273401,0.978000,15.834291
12,"{""max_features"": 1.0, ""min_samples_leaf"": 1}",random_forest_log1p,log1p,2,11703,2928,1177,0.066839,0.066839,816720.840907,150395.819401,16641.630014,0.987862,16.641644
12,"{""max_features"": 1.0, ""min_samples_leaf"": 1}",random_forest_log1p,log1p,3,11705,2926,1181,0.068791,0.068791,1825135.702630,189831.299572,18000.544021,0.953555,16.792816
12,"{""max_features"": 1.0, ""min_samples_leaf"": 1}",random_forest_log1p,log1p,4,11703,2928,1172,0.061335,0.061335,1212411.087040,177715.296252,18184.731592,0.977423,17.044691
12,"{""max_features"": 1.0, ""min_samples_leaf"": 1}",random_forest_log1p,log1p,5,11701,2930,1175,0.073259,0.073259,1567794.284567,173670.359502,16284.075737,0.960799,17.210069
13,"{""max_features"": 1.0, ""min_samples_leaf"": 2}",random_forest_log1p,log1p,1,11712,2919,1177,0.063747,0.063747,1112765.781868,172513.937403,17657.499721,0.980469,15.669644
13,"{""max_features"": 1.0, ""min_samples_leaf"": 2}",random_forest_log1p,log1p,2,11703,2928,1177,0.066811,0.066811,813819.753912,151838.102246,16834.244016,0.987948,15.581079
13,"{""max_features"": 1.0, ""min_samples_leaf"": 2}",random_forest_log1p,log1p,3,11705,2926,1181,0.068808,0.068808,1789377.660800,187228.715496,18410.168465,0.955358,15.568380
13,"{""max_features"": 1.0, ""min_samples_leaf"": 2}",random_forest_log1p,log1p,4,11703,2928,1172,0.062071,0.062071,1187537.507150,176775.037010,18294.169726,0.978340,15.605313
13,"{""max_features"": 1.0, ""min_samples_leaf"": 2}",random_forest_log1p,log1p,5,11701,2930,1175,0.073506,0.073506,1557612.598106,172244.109139,16626.740096,0.961307,15.444693
14,"{""max_features"": 1.0, ""min_samples_leaf"": 4}",random_forest_log1p,log1p,1,11712,2919,1177,0.065980,0.065980,1037641.613222,172807.762896,18698.620332,0.983017,14.101527
14,"{""max_features"": 1.0, ""min_samples_leaf"": 4}",random_forest_log1p,log1p,2,11703,2928,1177,0.069322,0.069322,833202.543268,160095.179318,18242.518874,0.987367,14.123365
14,"{""max_features"": 1.0, ""min_samples_leaf"": 4}",random_forest_log1p,log1p,3,11705,2926,1181,0.072719,0.072719,1875875.383880,200144.582611,19646.048073,0.950937,14.104124
14,"{""max_features"": 1.0, ""min_samples_leaf"": 4}",random_forest_log1p,log1p,4,11703,2928,1172,0.066830,0.066830,1280821.753354,186017.797455,19246.306762,0.974804,14.146191
14,"{""max_features"": 1.0, ""min_samples_leaf"": 4}",random_forest_log1p,log1p,5,11701,2930,1175,0.076027,0.076027,1605904.392693,179850.986794,17393.538364,0.958871,14.270037
